Producto,Precio,Precio envio,Tienda,Fecha
"Sponsored 
6 inch Plastic Nursery Pots, 16 Pack Plant Pots for Small Indoor Outdoor Plants, Flower Pots with Drainage Holes and Saucers, Decorative Seedling Starter Planters for House Plants, Black",17446,CLP 18877 delivery Wed Mar 18,Amazon,04-03-2026
"Sponsored 
8 Inch Plant Pots, 4 Pack Plastic Planters for Indoor Outdoor with Drainage Holes & Saucers, Waffle Texture Flower Pots for Indoor Plants, Indoor Plant Pots for Monstera, Fiddle Leaf Fig, White",20064,CLP 20980 delivery Mar 12 - 20,Amazon,04-03-2026
"Sponsored 
Hushee 1500 Pcs Plastic Plants Nursery Pots - Seed Starting and Seedling Planters With Drainage Holes for Indoor Outdoor Flower Transplanting",53228,CLP 37475 delivery Wed Mar 18,Amazon,04-03-2026
"Utopia Home Plant Pots Indoor with Drainage Holes – Set of 5 White Plastic Flower Pots (7/6.6/6/5.3/4.8 Inch) – Modern Planters for Indoor Plants, Room & Office Décor, Great Stocking Stuffers",13082,CLP 16390 delivery,Amazon,04-03-2026
"Indoor Self Watering Planters with Drainage Holes and Saucers, 8, 7, 6.5, 6, 5.5, 5 Inches, Black, 6 Pots",17446,CLP 18615 delivery Tue Mar 17,Amazon,04-03-2026
"4 Inch Plant Pots, 6 Pack Indoor Flower Pots, Planters with Drainage Holes and Trays for Orchids, Violets, Succulents, Herbs, and Other Plants,Corolful",8719,CLP 12262 delivery Tue Mar 17,Amazon,04-03-2026
Plant Pots Indoor with Saucers & Drainage - 6 Pack Flower Pots - Plastic Planters for Indoor Planter - 7.5/6.6/5.8/5.0/4.3/3.5 inches Sizes for All Different Types of Plants-Dark Green,11337,CLP 16224 delivery Wed Mar 18,Amazon,04-03-2026
"Indoor Self Watering Planters with Drainage Holes and Saucers, 8, 7, 6.5, 6, 5.5, 5 Inches, White, 6 Pots",17446,CLP 18397 delivery Tue Mar 17,Amazon,04-03-2026
"Ceramic Plant Pots Set of 3, 6.75/5.6/4.2 inch Planters with Drainage Holes and Saucer, Flower Pot Outdoor Indoor, Modern Decorative Planters for House Plants Garden Planters Succulent Pots",17446,CLP 19139 delivery Tue Mar 17,Amazon,04-03-2026
"RAOOKIF 100 Pack Nursery Pots, 4 5 6 Inch Nursery Pot for Plants, Plastic Plant Pots with Drainage Holes, Garden Flower Pots for Transplanting, Succulents, Cuttings, Seedlings(4inch,100pcs)",8719,CLP 13370 delivery Mar 12 - 20,Amazon,04-03-2026
"Sponsored 
TRIROCKS Set of 2 Planters with Stand Large Metal Planter for Indoor Plants 28 &18"" H Plant Pots for Living Room Corner Kitchen Office Garden Balcony Patio Decor(Black)",81155,CLP 66694 delivery Wed Mar 18,Amazon,04-03-2026
"Sponsored 
16 Pack 4 Inch Plastic Planter Pots with Tray, Heavy Duty Indoor Outdoor Planter Pots with 48 Drainage Holes for Herbs, Succulents, Seedlings, Flowers Durable and Lightweight White",14828,FREE delivery Tue Mar 17 to Chile on $49 (CLP 42764) of eligible items,Amazon,04-03-2026
"Sponsored 
50 Packs Nursery Pots for Plants 6 Inch Succulent Plant Pots Set Plastic Seedling Starting Pots with Drainage Holes Plastic Nursery Pots Variety Pack Flower pots Planter Seed Starter, Black",18319,CLP 20902 delivery Wed Mar 18,Amazon,04-03-2026
"Sponsored 
GREENPARA 5-Inch Self-Watering Plant Pots - 10-Pack Clear Plastic Planter with Deep Reservoir, Drainage Holes for Indoor Outdoor Gardens, Herbs, Succulents, and Flowers",19191,FREE delivery Tue Mar 17 to Chile on $49 (CLP 42764) of eligible items,Amazon,04-03-2026
"CosmoLiving by Cosmopolitan Metal Indoor Outdoor Planter Dome Large Planter Pot with Removable Stand, Set of 2 Planters 19"", 22""H, Gold",53219,CLP 82447 delivery Tue Mar 17,Amazon,04-03-2026
"Plant Pots,12/10/9/8/ Inch Large Plastic Self Watering Flower Pots Indoor Outdoor with Drainage Holes, Deep Reservoir,Nursery Planting Pot for Indoor Out Door Plants",31410,CLP 27770 delivery Tue Mar 17,Amazon,04-03-2026
"Plant Pots 10/9/8/7.5/7 Inch Self Watering Pots, Set of 5 Plastic Planters with Drainage Holes and Saucers,Plastic Flower Pots,Nursery Planting Pot for Indoor Out Door Plants（White）",23555,CLP 23511 delivery Tue Mar 17,Amazon,04-03-2026
Lattice Design Outdoor Planter Box - 14.75” Square 13” Tall White Plant Pot - Decorative Plant Pots for Front Porch Decor - Flower Pots Outdoor Planters for Porch Patio or Garden Decor by Pure Garden,17612,CLP 24096 delivery Tue Mar 17,Amazon,04-03-2026
"Sponsored 
4 Pack 12 Inch Retro Plant Pots, Vintage Striped Flower Pots with Drainage Hole & Saucer, Large Plastic Planters for Indoor and Outdoor Plants, Decorative Garden Pots(Copper)",31410,CLP 36751 delivery Wed Mar 18,Amazon,04-03-2026
"Sponsored 
LEWIS&WAYNE Large Rectangular Block Planter Box Handmade Wicker Tall Planters for Outdoor Plants with Removable Liners Modern Planter for Indoor Outdoor Patio Deck - Black, 30''x12''x16''",62828,CLP 48463 delivery Wed Mar 18,Amazon,04-03-2026
"Sponsored 
Plant Pots, Flower Pots for Indoor/Outdoor Plants, Self Watering Plastic Planters Pots with Drainage Holes, Saucer & Reservoir, Decorative Nursery Planting Pots(10 Inch Set of 4)",19191,FREE delivery Wed Mar 18 to Chile on $49 (CLP 42764) of eligible items,Amazon,04-03-2026
"Sponsored 
Sckee Clear Nursery Pots for Plants with Lid,30 Packs 4 inch Plastic Seed Starting Pots with Drainage Holes Plant Nursery Pots Silicone Base",23555,CLP 18415 delivery Tue Mar 17,Amazon,04-03-2026
"Anyumocz 60 Pcs 1 Gallon Flexible Plant Nursery Pots,Thickened Soft Plastic Seedling Pot with Holes,Flower Plant Container for Succulents,Cuttings,Transplanting,Home Garden(Black)",13955,CLP 22674 delivery Mar 13 - 27,Amazon,04-03-2026
"300 Pack 4 Inch Plastic Nursery Pots for Plants, Small Seedling Pots Succulent Pots Flower Pots with Drainage Holes, Come with 300pcs Plant Labels",19191,CLP 19252 delivery Tue Mar 17,Amazon,04-03-2026
"Window Box Planter, 7 Pack Plastic Vegetable Flower Planters Boxes 17 Inches Rectangular Flower Pots with Saucers for Indoor Outdoor Garden, Patio, Home Decor (Red)",19191,CLP 26714 delivery Tue Mar 17,Amazon,04-03-2026
Creative Co-Op Large Matte White Embossed Stoneware Planter,86392,CLP 62967 delivery Tue Mar 17,Amazon,04-03-2026
"Sponsored 
28"" Set of 2 Artificial Boxwood Topiary Ball Bush for Outdoor with Ground Spike, UV Resistant Faux Greenery Shrubs, Fake Rose&Green Boxwood Plants for Garden, Yard, Porch, Patio Decor",61082,CLP 44038 delivery Thu Mar 19,Amazon,04-03-2026
Ceramic Modern Glaze Succulent Planter Pot with Drainage Hole and Saucer 6 Inch Round Flower Plant Pot for Indoor Outdoor Herb Snake Plants,14819,CLP 16914 delivery Tue Mar 17,Amazon,04-03-2026
"DeeCoo 3 Piece Ceramic Plant pots Indoor Pots Set with Drainage Holes, 5.7/4.7/3.5/inch, Modern Decorative pots Outdoor Plants Lilies, Cacti, Succulents, Snakes, and Bamboo (Blue)",16573,CLP 27552 delivery Tue Mar 17,Amazon,04-03-2026
"JERIA 100-Pack 4 Inch Plastic Plant Nursery Pots Come with 100 Pcs Plant Labels, Seedling Flower Plant Container and Seed Starting Pots",8719,CLP 12977 delivery Tue Mar 17,Amazon,04-03-2026
LINZINAR Plant Stand Indoor Outdoor Corner 4 Tier Metal Plant Shelf Patio Plant Rack for Garden Corner Balcony Living Room,11633,CLP 18973 delivery Mar 13 - 27,Amazon,04-03-2026
"6 Inch Indoor Planter Pots with Drainage Hole and Tray Saucer,Flower Pots for Indoor Outdoor Garden Plants and Flowers, Multicolor, 5 Packs",10691,CLP 15919 delivery Mar 12 - 20,Amazon,04-03-2026
"Gepege 6 Inch Beaded Ceramic Planter Set of 2 with Drainage Hole and Saucer for Plants, Indoor-Outdoor Large Round Succulent Orchid Flower Pot (Smoked Gray, Inner-pots not Larger Than 5 Inch)",17010,CLP 21234 delivery Tue Mar 17,Amazon,04-03-2026
"Worth 9 Gallon Tall Round Planters Set of 2-14"" Dia x 21"" H Stone Finish Flower Pots Indoor Decorative Container Garden Patio Unbreakable Beige",91628,CLP 95913 delivery Mar 16 - 27,Amazon,04-03-2026
"6 inch Plant Pots, 5 Pack Flower Pots Outdoor Indoor, Planters with Drainage Holes and Tray Saucers（Multicolor）",19191,CLP 16015 delivery Tue Mar 17,Amazon,04-03-2026
"LE TAUCI 10 Inch Plant Pot, Ceramic Pots for Plants with Drainage Hole and Rubber Plug, Plant Pots Indoor for Home Garden Patio Office, Cylinder Flower Planter Pot, Neutral Gray",43628,CLP 43392 delivery Wed Mar 18,Amazon,04-03-2026
"Indoor Self Watering Planters with Drainage Holes and Saucers, 8, 7, 6.5, 6, 5.5, 5 Inches, Green, 6 Pots.",17446,CLP 18484 delivery Tue Mar 17,Amazon,04-03-2026
"10 Inch Planter Pots for Plants, 4 Pack Plastic Large Flower Pots Indoor Outdoor, Resin Plant Pot with Drainage & Saucer, Retro Decorative Garden Pot with Removable Trays for House",20937,CLP 21295 delivery Wed Mar 18,Amazon,04-03-2026
"Quarut 3 Pack 10 inch Plant Pots,Whiskey Barrel Planters with Drainage Holes & Saucer, Plastic Decoration Flower Pots Imitation Wine Barrel Design, for Indoor & Outdoor Garden Home Plants (Brown)",22682,CLP 22045 delivery Mar 16 - 23,Amazon,04-03-2026
"5 Pack 10 Inch Plant Pots for Indoor Outdoor,Plastic Floor Planters with Drainage Holes,Lightweight Flower Pots for Home,Patio & Garden(Grey)",17446,CLP 21495 delivery Tue Mar 17,Amazon,04-03-2026
"Plant Pots 10/9/8/7.5/7 Inch Self Watering Pots, Set of 5 Plastic Planters with Drainage Holes and Saucers,Plastic Flower Pots,Nursery Planting Pot for Indoor Out Door Plants（Green）",26173,CLP 24131 delivery Tue Mar 17,Amazon,04-03-2026
"Tuscan Ceramic Plant Pots, 6.11 Inch Vintage Planters with Drainage Hole for Indoor Plants, Farmhouse Green Scroll Vase & Flower Pots, Home Kitchen Garden Decor, Plant Lover Gifts",20064,CLP 15508 delivery Tue Mar 17,Amazon,04-03-2026
Smily Face Planter Pot Cute Resin Flower Head Planters for Indoor Outdoor Unique Sit Rocking Chair Succulent Pots Gift IdeaI for Mother and Appreciation Christmas with Drainage Hole,15700,CLP 13161 delivery Mar 13 - 20,Amazon,04-03-2026
"Set of 2-10 Inch Hanging Planters for Indoor Plants with Self-Watering Includes Hanging Pots for Plants, Outdoor Hanging Plant Pot with Drainage, and 2 Types of Hanging Baskets Hangers (White, 10inch)",20937,CLP 20317 delivery Tue Mar 17,Amazon,04-03-2026
"Land Guard 4-Pack Fabric Grow Bags 5 Gallon, Thickened Nonwoven Garden Pots, Growing Bags with Handles, Black",6100,CLP 11921 delivery Mar 12 - 20,Amazon,04-03-2026
"12/10/8 Inch Self Watering Pots for Indoor Plants Plastic Large Plant Pot for Outdoor Plants, Water Level Window & Spacious Reservoir Flower Pots Decorative Planter with Drainage and Tray (Black)",23555,CLP 27247 delivery Tue Mar 17,Amazon,04-03-2026
"8/10/12 Inch Self Watering Pots for Indoor/Outdoor Plants - Large Plastic Planter with Drainage Holes, Water Level Indicator & Deep Reservoir, Modern Decorative Flower Pots (White)",25300,CLP 27299 delivery Mar 13 - 27,Amazon,04-03-2026
Lattice Design Outdoor Planter Box - 14.75” Square 13” Tall Black Plant Pot - Decorative Plant Pots for Front Porch Decor - Flower Pots Outdoor Planters for Porch Patio or Garden Decor by Pure Garden,27919,CLP 24061 delivery Tue Mar 17,Amazon,04-03-2026
"5-Pack Plant Pots with Drainage for Winter Care 7/6.5/6/5.5/5 Inch, Self Watering Pots for Indoor Plants, Planters for Indoor Outdoor Plants, Plastic Flower Pot, Planter for Indoor Outdoor (Black)",11328,FREE delivery Tue Mar 17 to Chile on $49 (CLP 42764) of eligible items,Amazon,04-03-2026
"12"" 10"" 9"" 8"" Self Watering Pots with Water Level Indicator, Large Plastic Planters Set with Mesh Drainage Hole and Removable Saucer Reservoir, Big Flower Pot for Indoor Outdoor Plants (Green)",28791,CLP 30886 delivery Tue Mar 17,Amazon,04-03-2026
"LE TAUCI Ceramic Plant Pots, 5.1 + 6.4 Inch Footed Pots for Plants, Modern Flower Pots for Home and Office, Indoor Planters with Drainage, Reactive Glaze White",23555,CLP 19139 delivery Tue Mar 17,Amazon,04-03-2026
"Quarut Plant Pots Set of 4 Pack 12 inch,Large Whiskey Barrel Planters with Drainage Holes & Saucer.Plastic Flower Pots Imitation Wine Barrel Design, for Indoor & Outdoor Garden Home Plants (Brown)",46246,CLP 33766 delivery Wed Mar 18,Amazon,04-03-2026
"LE TAUCI 12 Inch Pots for Plants, Ceramic Plant Pots with Drainage Holes and Saucers, Elegant and Durable Large Plant Pot, Perfect for Home & Office Decor, White",61082,CLP 57207 delivery Wed Mar 18,Amazon,04-03-2026
"Adjustable Plant Stand Indoor,Bamboo Mid Century Modern Plants Stands, Stable Plant Holder,Fit 8 9 10 11 12 inch Pots (Pot & Plant Not Included)",14828,CLP 14575 delivery Tue Mar 17,Amazon,04-03-2026
"Plastic-Plant-Flower-Planters-10 Inch With Drainage Hole & Saucer, 3 Packs Lightweight Small Resin Flower Pot Indoor Outdoor, Retro Antique Imitation Decorative Garden Containers Sets For Houseplants",18319,CLP 22124 delivery Tue Mar 17,Amazon,04-03-2026
"Lifemaster Eco Friendly Plant Pot Set -5-Pack Home Decor Flower Indoor and Outdoor Plastic Pots with Drainage Holes, Assorted Sizes (7"", 6.6"", 6"", 5.3"", 4.8"") - Stackable Garden Versatile Planters",8073,CLP 16660 delivery Tue Mar 17,Amazon,04-03-2026
"Abstract Face Planters Pots Head,Unique Head Planter for Indoor Plants,Funny Face Flower Pot,Colorful Plant Pots for Outdoor Garden Decor and Home Art Decoration(Classic)",24986,CLP 21007 delivery Tue Mar 17,Amazon,04-03-2026
"30 Packs Clear Nursery Pots for Plants, 3.5/4/5 Inch High Transparency Plastic Seedling Plant Pot with Drainage Holes, Includes 20 Labels",7837,CLP 12794 delivery Tue Mar 17,Amazon,04-03-2026
"6 inch Flower Pots, 5 Pack Plant Pots with Drainage Holes and Saucers for Indoor Plants, Plastic Planters with Water Ripple for Small Garden House Plants, Nursery Pots for Succulent, White",13955,FREE delivery Tue Mar 17 to Chile on $49 (CLP 42764) of eligible items,Amazon,04-03-2026
"Plastic Plant Pots 10/9/8/7.5/7 inch Set of 5, Flower Planters with Drainage Holes and Saucers, Plastic Pots for Indoor Outdoor Plants, Livingroom Garden Decor (White)",23555,CLP 22726 delivery Tue Mar 17,Amazon,04-03-2026
"Worth Garden Plastic Urn Planters for Outdoor Plants, Tree 22'' Tall 2 Pack Round Classic Resin Flower Pots Indoor Beige Traditional Front Porch 15 in Dia. Large Imitation Stone Decorative Patio Deck",91069,CLP 92701 delivery Tue Mar 17,Amazon,04-03-2026
"The HC Companies 8 Inch Round Plastic Succulent Capri Bowl 8""x8""x3"" in Faux Concrete Color with Copper Band",13082,CLP 12951 delivery Tue Mar 17,Amazon,04-03-2026
"Cute Ceramic Succulent Garden Pots, Planter with Drainage and Attached Saucer, Set of 5 -Plants Not Included (Round)",20064,FREE delivery Tue Mar 17 to Chile on $49 (CLP 42764) of eligible items,Amazon,04-03-2026
"VECELO Metal Plant Stands Set of 5, Multiple Heavy Duty Flower Pot Stand, Round Plant Holder, Black",sin precio,sin precio,Amazon,04-03-2026
"8 Inch Plant Pots, 4 Pack Plastic Planters for Indoor Outdoor with Drainage Holes & Saucers, Waffle Texture Flower Pots for Indoor Plants, Indoor Plant Pots for Monstera, Fiddle Leaf Fig, Black",20064,FREE delivery Tue Mar 17 to Chile on $49 (CLP 42764) of eligible items,Amazon,04-03-2026
"QCQHDU 8 inch Plant Pot, 2 Pack Planters for Indoor Plants with Drainage Holes & Saucer, Outdoor Flower Pots Home Garden Modern Decor",14828,CLP 18834 delivery Tue Mar 17,Amazon,04-03-2026
"AZERPIAN Plant Stand 5 Tier Indoor Metal Flower Shelf for Multiple Plants Corner Tall Flower Holders for Patio Garden Living Room Balcony Bedroom, Black (5 Tier-Black)",21373,CLP 31008 delivery Tue Mar 17,Amazon,04-03-2026
Face Planter/Flower Pot for Indoor Outdoor Plants Resin Succulent Planter with Drainage Hole Cute Lady Face Plant Pots,15700,CLP 16276 delivery Tue Mar 17,Amazon,04-03-2026
"Augshy Nursery Pot, 110 Pcs 4"" Plastic Plants Pot,Seed Starting Pots, Indoor Outdoor Seeding pots",8684,CLP 12934 delivery Tue Mar 17,Amazon,04-03-2026
"Orceler 6 inch Terracotta & Clay Pots for Plants with Saucer, Medium Terra Cotta Plant Pots with Drainage Hole, Flowerpot with Tray, Terracotta Pot for Indoor Outdoor Plant - Pack of 4 Planters",16634,CLP 23695 delivery Tue Mar 17,Amazon,04-03-2026
"Plastic Plant 8 Inch, 4 Pack with Drainage Holes & Saucers, Water Wave Decorative Plant Pots for Indoor Outdoor Plants, Patio, Garden, Home Decor (Multicolor)",19191,CLP 19863 delivery Wed Mar 18,Amazon,04-03-2026
"Original Earthlings Sitting Small Plant Pot - 4 Inch Cute Plant Pot - Succulent & Cactus Christmas Planters, Removable Drainage Plug, Cute Decor Plant Gifts for Plant Lovers, Teacher Gifts",17411,FREE delivery Tue Mar 17 to Chile on $49 (CLP 42764) of eligible items,Amazon,04-03-2026
"Plant Pots 8 Inch, 6 Pack Plastic Flower Pots for Indoor & Outdoor Plants, Planters with Drainage Holes and Saucer, Garden Pot for Plants (Multicolor)",24428,CLP 23145 delivery Tue Mar 17,Amazon,04-03-2026
"ARNIS Plants Pots with Stand, Set of 2 P lanters, Unique Mid Century Decorative Metal Flower Pots with Drainage, 8.25 & 10.5 Inch, White and Gold",57574,CLP 34726 delivery Tue Mar 17,Amazon,04-03-2026
Classic Home and Garden Vogue Planter Pots w/Pottery Quality Finish - Modern Indoor & Outdoor Flower Pots - UV-Resistant Porch Planters - Decorative Pot for Flowers & Herbs (8” Willow Green),13082,CLP 16564 delivery Tue Mar 17,Amazon,04-03-2026
"GARDIFE 20 Pack 4 inch Plant pots, planters for Indoor Plants, Flower pots, Color",16573,FREE delivery Mar 13 - 27 to Chile on $49 (CLP 42764) of eligible items,Amazon,04-03-2026
"10 Inch 4 Pack Plant Pots, Plastic Flower Pot for Indoor & Outdoor with Drainage Holes & Saucer, Plaid Pattern Planters Garden Pots for Herbs",21810,CLP 21277 delivery Tue Mar 17,Amazon,04-03-2026
"FaithLand 6-Pack 6-Inch Plastic Plant Pots with Saucers | Thickened PP Material, Modern Wave Texture, Enhanced Drainage for Indoor/Outdoor Garden Plants | Multicolor Value Set",16573,CLP 16678 delivery Mar 13 - 26,Amazon,04-03-2026
"28 Pack 4 inch Small Plant Pots, Plastic Planters with Drainage Holes and Saucers for Flowers Plants, Succulents, Seed Starting Pots, White",14828,CLP 14269 delivery Tue Mar 17,Amazon,04-03-2026
"Lifemaster Plant Pots with Multi Drainage Holes - 5 Pieces Versatile, Sturdy Plastic, Stackable Design Home Decor Flower Pots for Indoor and Outdoor Gardening - Black",9574,CLP 15884 delivery Tue Mar 17,Amazon,04-03-2026
"4 Inch Plant Pots with Drainage Holes, 6 Pack Plastic Indoor Flower Pots, Succulent Pots for Orchids, Violets, Succulents, Herbs, and Other Small Plant, 6 Colors",7846,FREE delivery Tue Mar 17 to Chile on $49 (CLP 42764) of eligible items,Amazon,04-03-2026
"CADANI 5 Pack Metal Plant Stands for Outdoor Indoor, Anti-Rust Iron Flower Pot Stand, Heavy Duty Plant Pot Stand for Multiple Plant, Decoration Racks for Home, Patio & Garden",17437,CLP 19139 delivery Tue Mar 17,Amazon,04-03-2026
"Outdoor Planter 2-Pack - 16x18-Inch Urn Planters - Plastic Plant Pots for Indoor, Outdoor, or Front Porch Decor - Flower Pots by Pure Garden (Black)",61047,CLP 70927 delivery Tue Mar 17,Amazon,04-03-2026
"GroTheory 100 Pack 1 Gallon Nursery Pots, 6.7 Inch Plastic Pots for Plants, Plastic Flower Pots, Plant Pot, Seedling Pots for Potting, Seed, Succulent, Planting Pots with Plant Labels",30537,CLP 30851 delivery Tue Mar 17,Amazon,04-03-2026
"Ceramic-Planters-for-Indoor-Plants with Saucer, 6 inch Vintage Ice Crack Glaze Plant Pots with Drainage Holes, Decorative Flower Pots for Outdoor Garden Home Decor, Tuscan Pot for Plant",23555,CLP 20736 delivery Tue Mar 17,Amazon,04-03-2026
"Indoor Plant Pots for Lazy People, 5Pack White Plastic Self Watering Planter Pots for Houseplants,Succulent, African Violets,Snake Plants, Flowers and Cactus(7/6.5/6/5.5/5 Inch)",13082,CLP 14679 delivery Tue Mar 17,Amazon,04-03-2026
"Raised Garden Bed with Legs Plastic Elevated Planters for Outdoor Plants Box Kits for Garden Patio Deck Balcony with Drainage Holes to Planting Flowers,Vegetables,Tomato and Herbs",sin precio,sin precio,Amazon,04-03-2026
"vancasso Ceramic Plant Pots, 4.25+5.25+6.25 Inch Planter Pot with Drainage Hole, Flower Pots for Indoor Outdoor Plants, Set of 3, White",18214,FREE delivery Tue Mar 17 to Chile on $49 (CLP 42764) of eligible items,Amazon,04-03-2026
"D'vine Dev 8 Inch Plastic Planter Pots for Plant Pot with Drainage Hole and Seamless Saucers, Black Color, 74-X-B-1",16224,CLP 18092 delivery Tue Mar 17,Amazon,04-03-2026
"100 Packs 4 Inch Nursery Pots, 4 5 6 Inches Plastic Nursery Pots for Plants with Drainage Holes, Seed Starting Garden Pots of Flower Plant Container for Succulents, Transplanting (100, 4 Inch)",8719,CLP 13126 delivery Tue Mar 17,Amazon,04-03-2026
"Deep Dream 6 Inch Plant Pots- Ceramic Planter Pot with Drainage Hole and Saucer, Round Flower Pot for Indoor Outdoor Succulent, Snake Plants and Cactus, Blue",14828,CLP 18031 delivery Wed Mar 18,Amazon,04-03-2026
"vancasso 3-Pack Ceramic Plant Pots, 3.7/4.8/6.2 Inch Indoor Planters with Saucers & Drainage Hole Planter pots for Indoor Plants and Flower, White",20413,FREE delivery Mar 16 - 23 to Chile on $49 (CLP 42764) of eligible items,Amazon,04-03-2026
"4 Pack 10 inch Plant Pots, Retro Pattern Planters with Drainage Holes and Saucer, Sturdy Plastic Garden Flower Pots for Indoor & Outdoor Plants",26173,CLP 21670 delivery Wed Mar 18,Amazon,04-03-2026
Classic Home and Garden Rosie Modern Planter w/Drainage - Contemporary Planter Bowls - Shallow Round Vases for Small Plants - Versatile Indoor & Outdoor Pots (10” Patina Copper),15666,CLP 17664 delivery Wed Mar 18,Amazon,04-03-2026
"Worth Garden 22"" Tall Planters Set of 2 - Plastic White Square Plant Pots with Drainage Hole - Modern Large Tapered Matte Wavy Tree Flower Pot for Indoor Outdoor Porch Deck",74173,CLP 73327 delivery Wed Mar 18,Amazon,04-03-2026
"LE TAUCI Plant Pots, 4.1+5.1+6.5 inch, Set of 3, Ceramic Planters with Drainage Hole and Saucer, Indoor Flower Pot with Hole Mesh Pad, Gifts for Mom, Reactive Glaze Beige",26173,CLP 25571 delivery Tue Mar 17,Amazon,04-03-2026
"4.7 Inch Plant Pots Indoor Outdoor, 8 Pack Colorful Plant Flower Pots with Drainage Holes and Saucers Plastic Planters Nursery Pots for Garden Plants Flowers Succulents",8719,CLP 13222 delivery Wed Mar 18,Amazon,04-03-2026
"Set of 2 Large Tall Planter for Indoor or Outdoor 24"" Flower Pots Tapered Tall Planters with Tray for Porch, Patio, Backyard, Large Planters for Outdoor Indoor Plants(Black)",69810,CLP 73292 delivery Mar 23 - Apr 16,Amazon,04-03-2026
"Melphoe 2 Pack Self Watering Hanging Planters Indoor Flower Pots, 6.5 Inch Outdoor Hanging Basket, Plant Hanger with 3Hooks Drainage Holes for Garden Home (Emerald)",15692,CLP 17664 delivery Tue Mar 17,Amazon,04-03-2026
"Vintage Flower Pots for Indoor Plant, Round Ceramic Plant Pots with Drainage Holes and Saucers, 6.7/5.2/3.9 Inches Retro Flower Planters Set of 3 (Morning Glory)",22682,FREE delivery Thu Mar 19 to Chile on $49 (CLP 42764) of eligible items,Amazon,04-03-2026
"100 Pcs Plant Nursery Pots, 4 Inch Small Plant Seedling Pots with Labels Plastic Plant Flower Pots with Drainage Holes Indoor Outdoor for Succulent Cutting Transplanting",8719,CLP 13414 delivery Tue Mar 17,Amazon,04-03-2026
"Plant Pots Indoor 7/6.5/6/5.5/5 Inch Self Watering Planters for Indoor Plants with Drainage Hole, Plastic Flower Pots for Succulents, African Violet (Green)",13955,CLP 14819 delivery Tue Mar 17,Amazon,04-03-2026
"Ton Sin Grey Flower Pots,Texture Planter for Indoor Plants Set of 3 Ceramic Flower Pots with Saucer,Cute Garden Pots Succulent Pots（3 Pack,Grey",17446,CLP 19270 delivery Mar 12 - 20,Amazon,04-03-2026
"8 Pcs Plant Pots,3.8"" Flower Pots,Gardening Gifts,Plastic Pot for Plants,Nursery Succulent Pot Planters for Indoor Plants,Small Flower Pots,Cute Plant Pots",6100,CLP 11625 delivery Tue Mar 17,Amazon,04-03-2026
"8/7/6 inch Plant Pots, 3 Set Cylinder Flower Pots for Outdoor Indoor Plants, Decorative Plastic Planters with Drainage Holes and Saucers for Garden House Plants, Black",16521,FREE delivery Tue Mar 17 to Chile on $49 (CLP 42764) of eligible items,Amazon,04-03-2026
"FGstyle 10 Inch Plants Pot,4 Pack Flower Pots,Planters Pot with Drainage Hole & Saucer,Modern Planters for Indoor Outdoor Plants,Decorative Resin Garden Pots for Outdoor Indoor Home Plants (Beige)",22333,CLP 20850 delivery Tue Mar 17,Amazon,04-03-2026
"Kante 14 Inch Dia Round Concrete Planter, Indoor Outdoor Large Plant Pot with Drainage Hole and Rubber Plug for Home Patio Garden, Pure White",49737,CLP 66293 delivery Thu Mar 19,Amazon,04-03-2026
"Tiered Bubble Ceramic Plant Pot, Creamy White 6 Inch Ceramic Planter with Drainage Holes, Flower Pot with Mesh Pad, Rubber Plugs, Plante Pots for Indoor Plants Outdoor, Modern Décor",14828,CLP 15290 delivery Tue Mar 17,Amazon,04-03-2026
InmeRun Plant Pots Indoor Plastic Flower Pots Outdoor 5 inch Set of 6 Pack with Drainage Holes and Saucers for Garden Pots (5 in 6 pcs),13946,CLP 13807 delivery Tue Mar 17,Amazon,04-03-2026
"6/5/4 inch Flower Pots, Set of 3 Cylinder Plant Pots for Small Indoor Outdoor Plants, Plastic Planters with Drainage Holes and Saucers for Garden Succulent Nursery House Plants, Black",10464,CLP 14330 delivery Tue Mar 17,Amazon,04-03-2026
"WOUSIWER 16 Pack 6 inch Plastic Planters for Indoor Flower Pots, Heavy Duty and Stylish 6 Inch Plant Pots for Indoor Plants with Drainage Holes and Tray for Plants, Flowers, White",20719,CLP 18633 delivery Tue Mar 17,Amazon,04-03-2026
"Vanavazon 6 Inch Self Watering Planter Pots for Indoor Plants, 3 Pack African Violet Pots with Wick Rope-Grey",14828,CLP 15404 delivery Mar 12 - 20,Amazon,04-03-2026
"ARNIS Modern Plant Pots, Set of 2 Large Planters with Stand, Decorative Planters, Metal Pots with Drainage Holes for Living Room, Office, Garden or Balcony, 8.25 &10.5 Inch, Dirt",57574,CLP 39700 delivery Tue Mar 17,Amazon,04-03-2026
"4 Inch Small Pots for Plants, 6 Pack Waffle Texture Small Plant Pots for Succulents, Plastic Planter with Drainage Holes and Saucers for Indoor Outdoor Plants, Flowers, Herbs, Seedlings, Colorful",8719,FREE delivery Tue Mar 17 to Chile on $49 (CLP 42764) of eligible items,Amazon,04-03-2026
"Root & Vessel Majestic Mid-Century Modern Low Profile Cylinder Pot, Matte Black, 6.5""",10464,CLP 14732 delivery Tue Mar 17,Amazon,04-03-2026
"LIQING Garden Decor - Planter for Outdoor Plants - Outdoor Decor Planters for Flowers and Vegetables - Premium Stylish Patio, Balcony, Porch (XXL1)",52346,CLP 29559 delivery Tue Mar 17,Amazon,04-03-2026
"24 Pack 3 Inch Terracotta Pots, Mini Clay Pots with Drainage Holes,Cactus Flower Nursery Terra Cotta Pot for Indoor/Outdoor Succulent Plants, Crafts, Wedding Favor",19183,CLP 24524 delivery Tue Mar 17,Amazon,04-03-2026
"12"" 10"" 9"" 8"" Self Watering Pots with Water Level Indicator, Large Plastic Planters Set with Mesh Drainage Hole and Removable Saucer Reservoir, Big Flower Pot for Indoor Outdoor Plants - White",28791,CLP 26723 delivery Tue Mar 17,Amazon,04-03-2026
"Worth Garden 20"" Tall Planters Set of 2 – Large White Tapered Plastic Flower Pots for Indoor & Outdoor Use – Modern Plant Containers with Drainage Holes – Ideal for Front Porch, Patio, Balcony",52355,CLP 64835 delivery Fri Mar 20,Amazon,04-03-2026
"Docrin Ceramic Plant Pots Set of 2 (6.6""+5.5""), High-Fired Clay Indoor Planters with Drainage Holes & Saucer, Honeycomb Modern Home Decor for All House Plants",20055,CLP 22996 delivery Tue Mar 17,Amazon,04-03-2026
"10-inch-Plant-Pots-Indoor-Outdoor, 4 Pack Whiskey Barrel Planters with Drainage Holes & Saucer, Plastic Flower Pots Imitation Wine Barrel Design, Decorative Garden Pots for Plants",20937,CLP 21853 delivery Wed Mar 18,Amazon,04-03-2026
"Ton Sin Pink Gold Ceramic Flower Pots, 4""+5""+6"" Inch Small Glazed Succulent Planters with Drainage Hole,Modern Indoor Decorative Plant Pots Set of 3,Garden Pots with Saucer",22682,CLP 19314 delivery Mar 13 - 27,Amazon,04-03-2026
"24/21/12 Inch Large Plastic Planter, Lightweight Ceramic-Look Tall Planters with Drain Hole & Saucers, Tall Plastic Planters for Porch, Garden, Patio, Balcony(Glaze Beige)",75919,CLP 80570 delivery Wed Mar 18,Amazon,04-03-2026
"Small Succulent Pots with Drainage, Indoor/Outdoor Ceramic Animal Planter, Cute Cactus/Bonsai Small Flower Pots for Home Decor and Office Desk Decoration, A Set of 4 Pieces is Suitable as A Gift",22682,CLP 19663 delivery Tue Mar 17,Amazon,04-03-2026
"Gepege White Indoor Pots for Plants, Ceramic Planter with Drainage Hole, 6.0 inch+5.0 Inch+4.0 Inch. Succulent Orchid Flower Pot - Rainbow Pearl Glaze",18842,CLP 18546 delivery Tue Mar 17,Amazon,04-03-2026
"Flower Pots, Vintage Ceramic Planters for Indoor Plants, 6.29'' Plant Pots with Drainage, French Country Lavender Vase & Planters, Antique Home Room Decor, Gardening & Housewarming Gifts",20937,CLP 32623 delivery Tue Mar 17,Amazon,04-03-2026
"Plastic-Plant-Flower-Planters-16 Inch With Drainage Hole & Saucer, 3 Packs Lightweight Small Resin Flower Pot Indoor Outdoor, Retro Antique Imitation Decorative Garden Containers Sets For Houseplants",46246,CLP 60917 delivery Tue Mar 17,Amazon,04-03-2026
"LE TAUCI Succulent Planters, 6.5+8 Inch Ceramic Indoor Plant Pot with Drainage Hole, Shallow Round Succulent Pots, Set of 2, Reactive Glaze White",26173,CLP 22979 delivery Thu Mar 19,Amazon,04-03-2026
"OJYUDD 8 Pack 4 Inch Self Watering Plastic Planter with Inner Pot White Flower Plant Pot,Modern Decorative Flower Pot for All House Plants,Flowers,Herbs,African Violets",8719,CLP 13300 delivery Mar 13 - 27,Amazon,04-03-2026
"YBX 8 Inch + 6 Inch Ceramic Plant Pots, Succulent Flower Pots with Drainage Holes, Terracotta Planters for Indoor Plants, White&Terracotta (Garden)",24332,CLP 22438 delivery Tue Mar 17,Amazon,04-03-2026
"12/10/9 inch Large Flower Pots, 3 Set Big Plant Pots for Outdoor Indoor Plants with Water Ripples, Wide Plastic Planters with Drainage Holes and Saucers for Garden House Plants, Speckled White",24402,CLP 27351 delivery Wed Mar 18,Amazon,04-03-2026
"homenote Pots for Plants, 15 Pack 6 Inch Plastic Planters with Multiple Drainage Holes and Trays,Plant Pots for All Home Garden Flowers Succulents (White)",20937,CLP 18458 delivery Tue Mar 17,Amazon,04-03-2026
"TRIROCKS Set of 3 Large Planters with Stand Gold Planter for Indoor Plants 29 &22 &12"" Tall Morden Metal Plant Pots for Living Room Corner Kitchen Office Garden Balcony Patio Decor",104719,CLP 70447 delivery Wed Mar 18,Amazon,04-03-2026
"Ceramic Pots for Plants Set of 3 Sizes - 6, 5, 4 Inch Diameter Plant Pots with Drainage Holes - Ceramic Planters for Indoor Plants - Decorative Flower Pot - Plant Pot with Drainage - Indoor Planter",26173,FREE delivery Tue Mar 17 to Chile on $49 (CLP 42764) of eligible items,Amazon,04-03-2026
"Self Watering Planters Pots for Indoor Plants, 7 Pack 4+8+17 Inch Plastic Window Boxes Planters Herb Planter, Rectangle Rectangular Planter Windowsill Planters with Drainage and Saucer",21810,CLP 28687 delivery Tue Mar 17,Amazon,04-03-2026
"Ceramic Plant Pots, 4.9 Inch Flower Pots with Drainage Hole & Saucer, Colorful Planter Pots for Houseplants, Succulent, Catus, Home Decor, Set of 4, Vibrant Colors",26173,CLP 21426 delivery Tue Mar 17,Amazon,04-03-2026
"NINIPAPA Hanging Swing Chair Planter Pot Smile Face Plant Pot for Indoor Outdoor Plants Cute Head Flower Pots for Succulent String of Pearls Unique Gift on Mother's Day, Birthday, Christmas",15700,FREE delivery Tue Mar 17 to Chile on $49 (CLP 42764) of eligible items,Amazon,04-03-2026
"Hourleey Strawberry Planter, 5 Tier Stackable Gaden Tower for Flowers, Vegetables, Grow Your Own Herb Garden Vertical Oasis of Vegetables and Succulents",26173,CLP 43785 delivery Tue Mar 17,Amazon,04-03-2026
"Macrame Plant Hanger Indoor Set of 2 with 4 Hooks, Indoor Outdoor Hanging Planter for Plants Holder with Decorative Wood Beads & No Tassels, Boho Home Decor, 35 Inch Ivory (Pots Not Included)",8710,CLP 11633 delivery Tue Mar 17,Amazon,04-03-2026
"4 Inch Plastic Plant Pots with Drainage Holes and Trays – 8 Pack Small Nursery Pots for Indoor & Outdoor House Plants and Flowers, Seedling Starter Planters, Matte Black",7820,CLP 12061 delivery Tue Mar 17,Amazon,04-03-2026
"LE TAUCI Ceramic Plant Pots, 4.3+5.3+6.8 inch, Set of 3, Planters with Drainage Hole and Saucer, Indoor Flower Pot with Hole Mesh Pad, Gifts for Mom, Reactive Glaze Beige",28180,CLP 23808 delivery Tue Mar 17,Amazon,04-03-2026
"Ceramic Plant Pots with Drainage Holes and Saucers, Round Flower Pots for Indoor Plant, 3.9/5.2/6.7 Inches Small Flower Planters Set of 3",21548,CLP 19113 delivery Tue Mar 17,Amazon,04-03-2026
"7/6.5/6/5.5/5/4.5/4 inch Plant Pots for Indoor Outdoor Plants, 7 Pack Thick Flower Pots with Drainage Holes and Saucers, Modern Wave Texture Plastic Planter Pots for Nursery, Succulent, Black",15700,FREE delivery Tue Mar 17 to Chile on $49 (CLP 42764) of eligible items,Amazon,04-03-2026
"Set of 3 Decorative Planter Pots with Wooden Legs – Bamboo & Pine – Indoor & Outdoor Modern Plant Pot – Decorative Pots for Plants & Home Decor Planters – 22"", 26"", 30"", White",76966,CLP 85030 delivery,Amazon,04-03-2026
"Plant Pot with Stands Set of 2, Mid Century Planters for Indoor Plants Modern Decorative Flower Pots for Balcony, Office, Living Room or Garden with Drainage Plug, 12 inch & 10 inch",87875,CLP 68492 delivery Tue Mar 17,Amazon,04-03-2026
"6 Inch Ceramic Planter Pots with Drainage Hole and Saucers for Indoor Plants, Garden Pots for Succulent, Orchid, and Flower - Set of 2",20020,CLP 23293 delivery Wed Mar 18,Amazon,04-03-2026
"Set of 3 Bamboo Pot Planter with Stand – Modern Wooden Planters with Stand for Indoor/Outdoor, Stylish Hallway Home Decor & Garden– Standing Raised Floor Pot for Display -11/13/15"", Brown",68937,CLP 106927 delivery,Amazon,04-03-2026
"Plant Pots, 12 Pack 6 inch Modern Plastic Planters with Drainage Holes and Saucers for Indoor Outdoor Plants and Flowers, White",17446,CLP 17254 delivery Tue Mar 17,Amazon,04-03-2026
"LE TAUCI 12 Inch Pots for Plants with Acacia Wood Stand, Ceramic Large Planters for Indoor Plants, Indoor Planters for Office Living Room, Cylinder Pots with Drainage Hole and Plug, White",109955,CLP 81068 delivery Tue Mar 17,Amazon,04-03-2026
"24-21-11 Inch Tall Planters Set of 3, Indoor Outdoor Blue Glossy Round Planter with Drainage Hole and Saucer, Large Decorative Plant Pots for Home Garden Porch",78537,CLP 98330 delivery Tue Mar 17,Amazon,04-03-2026
"Planter with Stand Gold Metal Plant Pot with Stand - 12 Inch Unique Modern Flower Pots Indoor with Gold Plant Stand with Drainage, 2 Pack",65446,CLP 44518 delivery Tue Mar 17,Amazon,04-03-2026
"10 Pack 5 Inch Plant Pots with Drainage and Saucers, White Plastic Flower Pots for Indoor and Outdoor Plants, Stackable Nursery Planters for Houseplants and Herbs, White",14828,FREE delivery Tue Mar 17 to Chile on $49 (CLP 42764) of eligible items,Amazon,04-03-2026
"Face Planter Pots, Resin Face Planter for Indoor/Outdoor Plants,Head Planter with Drainage Hole/Removable Saucer,Girl Holding Coffe (Coffee, Skin)",15700,CLP 15439 delivery Tue Mar 17,Amazon,04-03-2026
"Deco 79 Metal Indoor Outdoor Planter Large Planter Pot with Removable Stand, Set of 3 Planters 18"", 14"", 12""H, Black",52530,CLP 33399 delivery Thu Mar 19,Amazon,04-03-2026
"T4U 4 Inch Plant Pots 18-Pack, Small Flower Pots with Saucer and Drainage Hole, Durable Plastic Pots, Nursery Small Flower Pot Bulk for Plants, Succulent, Violet, Decorative (18 Pack 4"" Pot, White)",12209,FREE delivery Wed Mar 18 to Chile on $49 (CLP 42764) of eligible items,Amazon,04-03-2026
"10 Inch Flower Pots Planters for Indoor Outdoor Plants, 3 Pack Plastic Large Plant Pots with Drainage Hole & Tray, Modern Decorative Garden Pot with Saucer, Plant Container for House",18319,CLP 21024 delivery Tue Mar 17,Amazon,04-03-2026
"Plant Pots 8 Inch Set of 4, Flower Pots with Multi Mesh Drainage Holes, Planters for Indoor Outdoor Garden Plants and Flowers",19191,CLP 26121 delivery Tue Mar 17,Amazon,04-03-2026
"3 Inch Terracotta Pots - 22Pack Clay Flower Pots with Drainage Hole, Succulent Nursery Pot/Cactus Plant Pot. Great for Plants, Crafts, Wedding Favorn, DIY Production",16495,CLP 22298 delivery Mar 16 - 23,Amazon,04-03-2026
"16 Pack 4 Inch Plastic Planter Pots with Tray, Heavy Duty Indoor Outdoor Planter Pots with 48 Drainage Holes for Herbs, Succulents, Seedlings, Flowers Durable and Lightweight White",14828,FREE delivery Tue Mar 17 to Chile on $49 (CLP 42764) of eligible items,Amazon,04-03-2026
"7.5/6.5/5.5/4.9/4.2/3.5 Inch Plant Pots with Saucers & Drain Holes - Indoor/Outdoor Flower Pots for Succulents, Herbs, Cactus - Modern Lightweight Durable Planter Set, Blue",16573,CLP 15613 delivery Tue Mar 17,Amazon,04-03-2026
"kubvici 2 Pack 8 Inch Planters for Indoor Plants, Plastic Flower Pots Plant Pots Indoor with Drainage Saucer for Outdoor Garden Home Plant, White 8”",14828,CLP 19122 delivery Mar 12 - 25,Amazon,04-03-2026
"GARDIFE 7/6.5/6/5.5/5/4.5/4 inch Plant Pots, 7 Pack Flower Pots Indoor Outdoor, Planters with Drainage Holes and Tray Saucers (Black)",15700,FREE delivery Tue Mar 17 to Chile on $49 (CLP 42764) of eligible items,Amazon,04-03-2026
"WOUSIWER 10 inch Self Watering Planters, 2 Pack Large Plastic Plant Pots with Deep Reservior and High Drainage Holes for Indoor Outdoor Plants and Flowers, White",21810,CLP 22194 delivery Thu Mar 19,Amazon,04-03-2026
"10 Inch Planters Plant Pots Indoor Outdoor, 4 Pack Plastic Flower Pot for Indoor Plants with Drainage Holes & Trays, Resin Decorative Container Sets with Saucer for House Garden Copper",20937,CLP 21452 delivery Tue Mar 17,Amazon,04-03-2026
"12inch Large Plant Pot, Modern Plastic Planter with High Driange Holes and Saucer for Indoor Outdoor Garden Plants and Flowers, White",21810,CLP 27343 delivery Tue Mar 17,Amazon,04-03-2026
"LE TAUCI Ceramic Plant Pots with Drainage Holes, Set of 3, 8+6.7+5.5 Inch Stripe Garden Planter Pots for Outdoor Indoor Plants Flower, Round Succulent Orchid Flower Pot, Reactive Glaze Black",41882,CLP 35110 delivery Tue Mar 17,Amazon,04-03-2026
"BUYMAX Plant Pots Indoor –5 inch Ceramic Flower Pot with Drainage Hole and Ceramic Tray - Gardening Home Desktop Office Windowsill Decoration Gift, Set of 4-Plants NOT Included (Patina)",24428,CLP 24899 delivery Wed Mar 18,Amazon,04-03-2026
"Usocik 4 Pack 10 Inch Retro Plant Pots, Vintage Striped Flower Pots with Drainage Hole & Saucer, Large Plastic Planters for Indoor and Outdoor Plants, Decorative Garden Pots(Copper)",20064,CLP 21548 delivery Wed Mar 18,Amazon,04-03-2026
"12 inch Large Self Watering Pots, Plastic Planters with 60oZ Removable Deep Reservoir and Multi Mesh Drainage Holes for Indoor Outdoor Garden Plants and Flowers, Black",19680,CLP 27212 delivery Tue Mar 17,Amazon,04-03-2026
"Abstract Face Planter Pots for Plants,Hand-Painted Colorful Flower Pots with Drainage, Indoor Outdoor Garden Decor Gift(Modern,Small)",22874,FREE delivery Tue Mar 17 to Chile on $49 (CLP 42764) of eligible items,Amazon,04-03-2026
"Kante 11.6"" Dia Round Concrete Planter, Outdoor Indoor Large Plant Pots Containers with Drainage Hole and Rubber Plug for Home Garden Patio, Natural Concrete",36585,CLP 76757 delivery,Amazon,04-03-2026
"The HC Companies 20 Inch Eclipse Round Planter Pots with Drainage Holes & Attached Saucer, Lightweight UV-Resistant Plastic Indoor Outdoor Planters, 2-Pack Flower Pots for Garden & Home Decor, Peridot",63221,CLP 123055 delivery Mar 13 - 27,Amazon,04-03-2026
"Vintage Ceramic Ice Crack Flower Pot with Drainage Holes, Country Rustic Planters for Indoor and Outdoor,Tuscan Decor,Home,Living Room, Garden Decor, Gardening Gift (Country)",19191,CLP 16652 delivery Tue Mar 17,Amazon,04-03-2026
"6 Inch Plant Pots, Ceramic Planter Pot with Drainage Hole & Saucer, Indoor/Outdoor Cylinder Round Planter Pot, Green & Beige",22682,CLP 18179 delivery Tue Mar 17,Amazon,04-03-2026
2 Pcs Spring Cute Plant Pots 5'' Colorful Flowers Planters with Drainage Hole Vintage Retro Mushroom Planter Small Fun Planters for Indoor Plants Succulent Cactus Garden Outdoor Home Decor,22682,CLP 19087 delivery Thu Mar 19,Amazon,04-03-2026
"(3 Pack) 10 Inch Plant Pot with Drainage and Saucers, 10/9/8 Inch Plastic Plant Pots for Indoor Plants, Modern Round Planter Set for Flowers, Herbs, Garden Decor (White-Brown)",26173,CLP 22438 delivery Thu Mar 19,Amazon,04-03-2026
"Plant Pots 10/9/8/7.5/7 inch Flower Pots with Multi Mesh Drainage Holes, Planters for Indoor Outdoor Garden Plants and Flowers. (White)",22682,CLP 22708 delivery Tue Mar 17,Amazon,04-03-2026
EFISPSS Flower Planter –5 inch Ceramic Plant Pots with Drainage Hole and Ceramic Tray - Gardening Home Desktop Office Windowsill Decoration Gift Set of 4 - Plants NOT Included,24428,CLP 24812 delivery Mar 13 - 20,Amazon,04-03-2026
"SupKing Plant Pots with Drainage Saucers 7.5/6.7/6/5/4/3.5 Inch Set of 6,Plastic Flower Pots Planters with Multi Mesh Drainage Holes Multicolor Nursery Planting Pot for Indoor Outdoor Garden Plants",14828,CLP 16189 delivery Tue Mar 17,Amazon,04-03-2026
"Planter-Pots-for-Plants-Indoor-Outdoor, 4 Pack 10 Inch Plastic Flower Pots with Saucer & Drainage Holes, Modern Garden Planters for Planting Medium Large Plants，Decorative Resin Garden Pots",20064,CLP 21714 delivery Fri Mar 20,Amazon,04-03-2026
"Octagon Ceramic Plant Pots - Indoor White Flower Planter Set with Drainage Holes, 6.7/5.5/4.7 Inch, Modern Decorative Planter Outdoor for Succulents Snakes and Herb",19191,CLP 20055 delivery Tue Mar 17,Amazon,04-03-2026
"4 Inch Plastic Plant Pots 6 Pack, Small Flower Pots with Drainage Holes and Tray, Thickened Indoor Planters Seedlings Nursery Pots, African Violet, Succulent and All House Plants, Black",7846,CLP 11476 delivery Tue Mar 17,Amazon,04-03-2026
"JERIA 16-Pack 4"" Plastic Flower Plant Pots Thickened Seedlings Nursery Pots, Flower Plant Container Seed Starting Pots with Pallet (White)",8719,CLP 12724 delivery Tue Mar 17,Amazon,04-03-2026
"Hayder Plant Pots 6 inch Set of 6, Self Watering Flower Pots Indoor Outdoor, Self Watering Planters with Drainage Hole & Clear Saucer Reservoir",20937,CLP 17376 delivery Tue Mar 17,Amazon,04-03-2026
"TOPOLA Happy Face Planter, 5.2 Inches Plastic Plant Pot, Self Watering Plant Pot with Drainage Holes for Indoor Outdoor, Succulent Pot, Funny Flower Pot, Dark Green",13082,CLP 14129 delivery Tue Mar 17,Amazon,04-03-2026
"Fasmov 7 Pack 17 Inches Flower Window Box Plastic Vegetable Planters with Trays Vegetables Growing Container Garden Flower Plant Pot with 7 Pcs Plant Labels for Balcony, Patio, Garden, Black",22682,CLP 29385 delivery Tue Mar 17,Amazon,04-03-2026
"4 Pack 8 Inch Flower Pots for Outdoor Indoor, Plastic Plant Pots with Drainage Hole & Saucer, Lightweight Small Resin Flower Pot, Imitation Magnolia Pots for Garden House planters（Gray）",19191,CLP 16111 delivery Tue Mar 17,Amazon,04-03-2026
"Haawooky 12 PCS Self Watering Plastic Planter,4 Inch Plastic Flower Plant Pot with Inner Pot,Self Watering Planter White Flower Pot for Herbs,Flowers,All House Plants,Succulents",13082,CLP 14592 delivery Mar 13 - 27,Amazon,04-03-2026
"Laerjin Ceramic Plant Pots 4"" & 5.5"" & 7"" Plant Pots Indoor with Drainage, Set of 3 Ceramic Pots for Plants, Outdoor Flower Pot with Drainage Holes and Saucers",20064,CLP 20090 delivery Jun 9 - Jul 21,Amazon,04-03-2026
"Desktop Glass Planter Vase Holder, Metal Cat Plant Terrarium Stand for Plants Creative Decorations for Home Patio Lawn Garden",13073,CLP 13196 delivery Mar 26 - Apr 29,Amazon,04-03-2026
"Mueller M-Resin Heavy Duty Tall Planters for Outdoor Plants, Indoor Grande Plant Pots, Boxes, Trees, Flower Pots, 2-Piece Set, 24”, Modern Design, Built-in Drainage, Front Porch Decor, White",58010,CLP 72079 delivery Thu Mar 19,Amazon,04-03-2026
"4 inch Self Watering Pots for Indoor Outdoor Plants, 6 Pack Plastic Flower Planters with Drainage Holes and Removable Saucers, Plant Pots with Wicking Rope, Modern Decor, Black Brown",8719,CLP 12489 delivery Tue Mar 17,Amazon,04-03-2026
"SQOWL 6 Inch Plant Pot - Ceramic Planter Pot with Drainage Hole and Saucer, Succulent Pot Round Flower Pot for Indoor Plants Outdoor, Blue",16573,CLP 15814 delivery Tue Mar 17,Amazon,04-03-2026
"FaithLand 8-Inch Modern Cylinder Planter, Thick-Walled Plastic Plant Pot with Drainage Holes and Detachable Saucer, Matte White, Ideal for Indoor & Outdoor Plants Flowers",17010,CLP 18554 delivery Tue Mar 17,Amazon,04-03-2026
"BUYMAX Plant Pots Indoor –6 inch Ceramic Flower Pot with Drainage Hole and Ceramic Tray - Gardening Home Desktop Office Windowsill Decoration Gift, Set of 2(White)",20937,CLP 21251 delivery Mar 13 - 20,Amazon,04-03-2026
"12/10/9 Large Modern Plant Pots, Plastic Planters with Drainage Holes and Saucers for Indoor Outdoor Plants Flowers, Black with Green Speckles",27046,CLP 27587 delivery Tue Mar 17,Amazon,04-03-2026
"Ceramic Plant Pots with Drainage Holes and Saucers, Round Blue Flower Pots for Indoor Plant, Diameter 3.3/4.3/5.5 Inches Small Mini Flower Planters Set of 3",13693,CLP 15823 delivery Tue Mar 17,Amazon,04-03-2026
"6 Inch Self Watering Pots for Indoor Plants (5-Pack) – Small Plastic Planters with Water Window, Drainage Holes & Trays, Indoor Outdoor Flower Pots for Herbs, Succulents, Home Garden Decor (Black)",17446,CLP 15954 delivery Wed Mar 18,Amazon,04-03-2026
"GARDIFE Plant Pots 7/6.5/6/5.5/5 Inch Self Watering Planters with Drainage Hole, Plastic Flower Pots, Nursery Planting Pot for All House Plants, African Violet, Flowers, and Cactus,White",17446,CLP 15639 delivery Tue Mar 17,Amazon,04-03-2026
"Ekirlin 7 Inch Natural Travertine Textures Plant Pot, Resin Outdoor Planter with Drainage Hole, Removable Rubber Stopper and Non-Slip Soft Pad,Weatherproof Decorative Pot for Indoor/Garden Plants",26173,FREE delivery Wed Mar 18 to Chile on $49 (CLP 42764) of eligible items,Amazon,04-03-2026
"10/9/8 inch Medium Plant Pots, 3 Pack Modern Decorative Plastic Planters with Drainage Holes and Saucers, Flower Pots for Indoor Outdoor Plants, Black",19890,CLP 22368 delivery Tue Mar 17,Amazon,04-03-2026
"10 Inch Plastic-Flower-Pot-for-Indoor-Plants, 4 Pack Large Outdoor Planter Pot with Drainage Holes & Saucers, Resin Decorative Garden Pots Planters",20937,CLP 21391 delivery Mar 12 - 20,Amazon,04-03-2026
"D'vine Dev 6 Inch 6.5 Inch 8 Inch, Set of 3 Plastic Planter Pots for Plants with Drainage Hole and Seamless Saucers, White Color, Medium, 74-V-A-3",16224,CLP 18703 delivery Wed Mar 18,Amazon,04-03-2026
"6 Pack 7 Inch Indoor Plant Pots with Drainage Holes, Outdoor Plastic Decorative Flower Pots, Garden Planters with Tray Saucers for Orchids, Violets, Succulents, Herbs, and Other Plants",13082,CLP 19837 delivery Tue Mar 17,Amazon,04-03-2026
"D'vine Dev 6 Inch 6.5 Inch 8 Inch, Set of 3 Plastic Planter Pots for Plants with Drainage Hole and Seamless Saucers, White Color, Medium, 74-V-A-3",16224,CLP 18703 delivery Wed Mar 18,Amazon,04-03-2026
"6 Pack 7 Inch Indoor Plant Pots with Drainage Holes, Outdoor Plastic Decorative Flower Pots, Garden Planters with Tray Saucers for Orchids, Violets, Succulents, Herbs, and Other Plants",13082,CLP 19837 delivery Tue Mar 17,Amazon,04-03-2026
"Plant Pots with Drainage Holes and Saucers – 7, 6.5, 6, 5, 4 Inch Plastic Planters for Indoor Outdoor Plants, Modern Matte Finish, Lightweight & Durable（White",16573,CLP 16416 delivery Tue Mar 17,Amazon,04-03-2026
"Flower Pots, 8.3/7.1/5.9/4.3 inch Nursery Plant Pot with Drainage Holes and Hole Mesh Pad and Saucers Tray for Indoor Garden Plants, Succulent, Orchid and Cactus",17446,CLP 18633 delivery Thu Mar 19,Amazon,04-03-2026
"EFISPSS Plant Pots, 4+5+6 Inch Pots for Indoor Plants,Ceramic Planter Pot with Drainage Hole,Flower Pots for Succulent Cactus,Set of 3 - Rainbow Pearl Glaze",19104,CLP 18022 delivery Thu Mar 19,Amazon,04-03-2026
"Ton Sin Plant Pots,White 6 Inch Flower Pots for Plants,Ceramic Planter with Drainage Holes,Indoor Planter Pots with Saucer,Outdoor Garden Pots (White, 4 Pack)",31410,CLP 32719 delivery Wed Mar 18,Amazon,04-03-2026
"Starry Night Floral Planter, Unique and Interesting Abstract Art Flower pots, Vibrant Colors, Perfect for Home/Garden Artistic Decoration (Flowers)",27046,CLP 18240 delivery Tue Mar 17,Amazon,04-03-2026
"Quarut 10 Inch Flower Pots Planters for Outdoor Indoor, 3 Pack Plastic Plant Pots with Drainage Hole & Tray, Modern Decorative Garden Pot with Saucer, planters for House (Gray)",22682,CLP 20823 delivery Tue Mar 17,Amazon,04-03-2026
"Ton Sin Flower Pots,5.5 Inch Black Ceramic Planter with Drainage Hole,Indoor Cylinder Plant Pots with Saucer,Cactus Succulent Outdoor Garden Pots Set of 4",26173,CLP 27212 delivery Wed Mar 18,Amazon,04-03-2026
"6 inch Self Watering Pots for Indoor Outdoor Plants, 6 Pack Flower Plant Pots with Drainage Holes and Clear Reservoirs, Visible Water Level, Plastic Planters with Wicking Rope, Green",16573,CLP 16180 delivery Tue Mar 17,Amazon,04-03-2026
NINIPAPA Self Watering Plant Pot 4 Inch Cute Smile Face Planter Pot for Indoor Outdoor Plants with Drainage Hole Unique Flower Pots for Succulent/Herbs/Violets,19191,CLP 15482 delivery Tue Mar 17,Amazon,04-03-2026
"Haawooky 24 Pack Colorful Flower Pots Square Plastic Plant Pots Succulent Planter Nursery Pots with Saucers for Your Room,Garden Office and Balcony Decor",5228,CLP 11590 delivery Tue Mar 17,Amazon,04-03-2026
"Plant Pots 12/10/9 inch Set of 3, Self Watering Flower Pots Indoor Outdoor, Planters with Drainage Hole Saucer Reservoir, Green",21810,CLP 28093 delivery Tue Mar 17,Amazon,04-03-2026
"Flower Pots 12 Inch Set of 2, Plant Pots Pots for Indoor Plants, Planters for Outdoor Plants 12 Inch Pots for Plants with Drainage and Saucers, Speckled Black",28791,CLP 31506 delivery Tue Mar 17,Amazon,04-03-2026
"BUYMAX Set of 2 Orchid Pots with Holes & Saucers for Orchid Root Health, 5 inch&6 inch Ceramic Pots for Plants (Patina)",17446,CLP 17079 delivery Mar 12 - 20,Amazon,04-03-2026
"4 Pack 8 inch Plant Pot, Plastic Pots for Plants Indoor, Round Planters for Outdoor Plants with Drainage Holes & Trays, Decorative Flower Pots Garden Containers Sets for Houseplants (Black Copper)",20937,CLP 16198 delivery Mar 13 - 20,Amazon,04-03-2026
"BAYN Bicycle Planter Stand, Metal Flower Pot Cart Holder with 3 Plant Bucket Outdoor Decorative for Patio, Deck, Garden or Lawn",43628,CLP 33844 delivery Tue Mar 17,Amazon,04-03-2026
"QCQHDU 2 Pack Self Watering Pots, 7.2 Inch Flower Pots with Drainage Holes and Water Filling Port, Garden Planter for Indoor Outdoor Plants (Klein Blue)",17097,CLP 21068 delivery Tue Mar 17,Amazon,04-03-2026
"Sungmor 6.3 Inch Cement Plant Pot for Plants, Succulent Planter with Embossed Design, Vintage Concrete Flowerpots with Drainage Hole, Decorative Orchid Houseplant Pot Indoor Outdoor Plant Container",34900,FREE delivery Mar 13 - 20 to Chile on $49 (CLP 42764) of eligible items,Amazon,04-03-2026
"Plant Pots 17.5/14.8/12.2 inch Set of 3, Flower Pots with Drainage Holes, Large Planters for Indoor Outdoor Garden Plants and Flowers. (Light Beige)",139628,CLP 115864 delivery Mar 18 - Apr 10,Amazon,04-03-2026
"Pack of 2 Flower Pots, Plastic Plant Pots with Drainage Holes, 8 inch Modern Glossy Finishing Planter for Indoor Outdoor Plants (Blue Glaze, 2 Pack)",16573,FREE delivery Mar 13 - 27 to Chile on $49 (CLP 42764) of eligible items,Amazon,04-03-2026
"Ceramic Plant Pots, 8.1 + 6 Inch Planters for Indoor Plants, Modern Flower Pot for Plant with Drainage, Medium Cylinder Flower Pots for Indoor/Outdoor, House Plants, Matte Green",30537,CLP 26967 delivery Tue Mar 17,Amazon,04-03-2026
"8/7/6 inch Plant Pots, 3 Pack Flower Pots for Outdoor Indoor Garden Plants, Large Planters with Multi Mesh Drainage Holes and Saucer (White, 8""+7""+6"")",13082,CLP 18135 delivery Fri Mar 20,Amazon,04-03-2026
"Nihow 5.7 Inch Plant Pot, Ceramic Pots for Plants with Drainage Hole and Saucer, Plant Pots Indoor for Home Garden Patio Office, Cylinder Planters for Indoor Plants, Charcoal Gray",20937,FREE delivery Thu Mar 19 to Chile on $49 (CLP 42764) of eligible items,Amazon,04-03-2026
"Face Flower Pots Head Planter, Cute Resin Planters for Indoor Outdoor Plants, Macetas para Plantas Unique Head Plant Pot",sin precio,sin precio,Amazon,04-03-2026
"The HC Companies Sevilla Flower Planters - Durable Outdoor & Indoor Planter - Round Lightweight Self Watering Plant Pots for Herbs & More (9"" Painted Black, Pack of 1)",sin precio,sin precio,Amazon,04-03-2026
"Succulent Ceramic Pots, 3.8 Inch Small Plant Pots with Drainage Hole & Saucer, Flower Planter Pot for House Plants Cacti, Home Decor, Set of 4, Assorted Colors",19191,CLP 16189 delivery Mar 13 - 20,Amazon,04-03-2026
"MINTWOOD Design 11 x 11 Inches Cotton Rope Basket for Flower Pot and Indoor Floor Planters, Decorative Round Woven Plant Pot Basket, Planter Covers, Small Dog Toy Storage Baskets, Black",15666,CLP 17498 delivery Wed Mar 18,Amazon,04-03-2026
"5 Pack Cylindrical Flower Pots with 7/6.5/6/5/4 inch, Modern Small Plastic Plant Pots with Drainage Holes & Saucers, Round Planter Pots for Outdoor, Indoor & Office Decor (White Brown)",16573,CLP 16530 delivery Tue Mar 17,Amazon,04-03-2026
4 Inch Plant Pots 10 Pcs Small Flower Pots For Indoor Plant Pots Succulent Pots Small Plant Pots With Drainage Planters For Indoor Plants Nursery Pots Plastic Pots For Plants Herb Planter 5 Colors,6973,CLP 12061 delivery Mar 13 - 27,Amazon,04-03-2026
"4 Pack 8 inch Hanging Planter Pots,Self-Watering Round Hanging Basket with Water Tray Metal Chain,Succulent Flower Plant Pot Container for Indoor Outdoor Garden Balcony Wall Decor,White",11337,CLP 17010 delivery Mar 13 - 20,Amazon,04-03-2026
"12"" 10"" 9"" Large Self Watering Plant Pots, 3 Pack Flower Pots Planters with Multi Mesh Drainage Holes for Indoor Outdoor Garden Plants and Flowers",25300,CLP 27840 delivery Tue Mar 17,Amazon,04-03-2026
"Concrete Rattan-Style Plant Basket Planter, 5"" Outdoor Indoor Plant Pots with Drainage Hole, Boho Flower Pot for Succulents, Herbs, Modern Farmhouse Decor, Ideal Gift for Plant Lovers",8719,FREE delivery Tue Mar 17 to Chile on $49 (CLP 42764) of eligible items,Amazon,04-03-2026
"Self-Watering-Pots-for-Indoor-Plants, 8 Inch Flower Pots for Indoor Plants, 3 Packs Plastic Planters with Drainage Holes and Saucers",11337,FREE delivery Tue Mar 17 to Chile on $49 (CLP 42764) of eligible items,Amazon,04-03-2026
"5 Pcs Plant pots, 7.5/6.5/5.7/4.9/4.1 inch Pots for Plants, Flower Pot Indoor Modern Decorative Plant Pot, Plant Pots Indoor with Drainage and Saucer for All House Plants, Spray Spots",13955,CLP 16276 delivery Tue Mar 17,Amazon,04-03-2026
Worth Garden Plastic Round 8 Inch Planters for Indoor Plants Set of 6 Outdoor Resin Flower Pots Colorful with Drainage Hole Rubber Plug Retro Appearance Home Christmas Decorative Containers Multicolor,26173,FREE delivery Tue Mar 17 to Chile on $49 (CLP 42764) of eligible items,Amazon,04-03-2026
"Mid-Century Metal Flowerpot with Stands, Stylish Modern Floor-Standing Flowerpot,Suitable for Orchid, Aloe Indoor Outdoor Decoration 10'' Wide 20'' high (Large, Gold)",43628,CLP 26138 delivery Fri Mar 20,Amazon,04-03-2026
"20 Pack 6 Inch Plant Pots, Thickened Plastic Flower Pots with 20 Pcs Water Collecting Trays, 20 Soil Block Mesh Pads, Red",16311,CLP 16626 delivery Tue Mar 17,Amazon,04-03-2026
"6 Pack Mandala Succulent Plant Pot with Bamboo Trays, Ceramic Multicolored Succulent Container Planter Pot for Small Plant",22682,FREE delivery Tue Mar 17 to Chile on $49 (CLP 42764) of eligible items,Amazon,04-03-2026
"The HC Companies 10 Inch Caribbean Planter Pots with Drainage & Plug, Rolled Rim Plastic Planters for Indoor & Outdoor Plants, 2-Pack Decorative Flower Pots for Garden, Office & Home Decor, Black",23642,CLP 26304 delivery Tue Mar 17,Amazon,04-03-2026
FMURY Transparent Vases Glass Design Decorative Gold Flower Vase Living Room Mariage Maceteros Home Ornament(Large),1043785,FREE delivery Mar 31 - Apr 20,Amazon,04-03-2026
"The HC Companies 24"" Eclipse Plastic Window Box 7.76""x24""x6.57"" in Black Color",19017,CLP 29638 delivery Wed Mar 18,Amazon,04-03-2026
"Self Watering Pots for Indoor Plants, 5 Pack 6/4.1/3.2 Inch Flower Pot Modern Decorative Plastic Planter with Extra Large Water Storage for All House Plants, Flowers, Herbs(White)",17446,CLP 16416 delivery Wed Mar 18,Amazon,04-03-2026
Macetero Cisne Decor De Magnesio,25030,,Amazon,04-03-2026
"Self Watering Pots for Indoor Plants, with Visible Reservoir, 6 inch Plant Pot with Wick Rope Planter Pot for Indoor Outdoor Plants (Frosted Brick Red)",18310,CLP 17132 delivery Tue Mar 17,Amazon,04-03-2026
Macetero Cisne Decor De Magnesio,29917,,Amazon,04-03-2026
"6.7 + 5.5 Inch Ceramic Plant Pots,Planters with Drainage and Saucer,Indoor Pots for Plants,Modern Flower Pots for Home and Office（Gray + White）",17446,CLP 22813 delivery Thu Mar 19,Amazon,04-03-2026
Ceramic Plant Pots Indoor-Outdoor: 6 Inch Embossed Planters with Drainage Hole & Saucer - Modern Decorative Flower Pots for Home Garden Patio Office Decor,23555,CLP 20291 delivery Mar 12 - 20,Amazon,04-03-2026
