Producto,Precio,Nota,Tienda,Fecha
Banca De Madera Con Macetero Incorporado Nscompany,179990,sin nota,Mercado Libre,04-03-2026
Set Pedestales Porta Maceteros Mesitas,34990,sin nota,Mercado Libre,04-03-2026
Jardinera De Madera Premium Café,54990,5.0,Mercado Libre,04-03-2026
Macetero 46cm Grafiato Cónico Kd9952,13900,4.9,Mercado Libre,04-03-2026
"Mesa Plegable Maleta 180cm Negro Arma Fácil, Camping, Oferta Negro Blanco",36990,4.6,Mercado Libre,04-03-2026
Porta Macetero Pedestal Maceta Plantas Negro Dorado Negro,19900,4.8,Mercado Libre,04-03-2026
Macetero 46cm Grafiato Cónico Kd9952,13900,4.9,Mercado Libre,04-03-2026
Macetero 60cm Grafiato Cónico Kd9953w,27506,4.9,Mercado Libre,04-03-2026
Porta Macetero Pedestal Maceta Plantas Blanco Dorado Grande,19900,4.9,Mercado Libre,04-03-2026
Tierra Para Maceteros Anasac 6 Litros,3685,4.7,Mercado Libre,04-03-2026
Jardinera De Madera Grande Blanco Cerestain Negro Leons,49900,sin nota,Mercado Libre,04-03-2026
Macetero De Madera Deluxe Marrón Oscuro Deluxe Impermeable,57990,sin nota,Mercado Libre,04-03-2026
Porta Macetero Pedestal Maceta Plantas Negro Dorado Grande,19890,4.2,Mercado Libre,04-03-2026
Pack De 3 Maceteros Para Plantas Colgante Redondos,11990,4.8,Mercado Libre,04-03-2026
Macetero De Madera Grande Fresado Alerce,19790,sin nota,Mercado Libre,04-03-2026
Macetero De Madera Para Jardin 0 Zus 25,32610,4.9,Mercado Libre,04-03-2026
9 Pcs Macetas De Plastico Con Separador De Agua Tricolor,19980,4.9,Mercado Libre,04-03-2026
Fertilizante Específico Flores De Macetero Y Jardineras 1 Kg,4990,4.9,Mercado Libre,04-03-2026
"Mesa De Cultivo, Bancal Huerto Impermeable. Roble Centro Cultivo 016",97990,5.0,Mercado Libre,04-03-2026
Exhibición Macetero De Bambú Con 9 Repisas,17990,4.6,Mercado Libre,04-03-2026
Macetero Redondo Cerámica Azul Relieve 17x17cm Bighouse,20218,sin nota,Mercado Libre,04-03-2026
Pack 5 Plato Base Macetero Jardinería Rentangular N30,5990,sin nota,Mercado Libre,04-03-2026
Macetero De Madera Grande Fresado Premium Nogal Macetero N12,32990,sin nota,Mercado Libre,04-03-2026
Macetero 38cm Grafiato Cónico Kd9951 Negro,8500,4.9,Mercado Libre,04-03-2026
Macetero Esfera 29 Cm Blanco Splofy,15458,sin nota,Mercado Libre,04-03-2026
Macetero De Plastico Mediano Diseño Rayas Hogar Decoracion,19980,sin nota,Mercado Libre,04-03-2026
Macetero Nórdico Grande Color Gris Oscuro 40x40x30cm - Maceta Cuadrado Moderna Para Plantas Y Flores - Diseño Minimalista De Alta Calidad,27990,5.0,Mercado Libre,04-03-2026
Macetero Terra Red 250 Terracota,5938,sin nota,Mercado Libre,04-03-2026
Jardineras Macetero De Madera Cuadrado Grande,39990,5.0,Mercado Libre,04-03-2026
"Macetas De Jardín De Cerámica , Accesorio De Mueble De",6976,sin nota,Mercado Libre,04-03-2026
Macetero Redondo Cerámica Café Claro 17x17cm Bighouse,20218,sin nota,Mercado Libre,04-03-2026
"Jardinera Macetero Para Plantas, De Madera Grande Café",52990,5.0,Mercado Libre,04-03-2026
Macetero Para Plantas Decoración Hogar Maceta Flores Blanco,19990,sin nota,Mercado Libre,04-03-2026
Macetero Plastico Redondo 30cm Siena Jardineras,7990,4.9,Mercado Libre,04-03-2026
Jardinera De Madera Con Tomas Laterales Roble Kym Amelia,34990,5.0,Mercado Libre,04-03-2026
Macetero 13x13 Cm Negro Casa Viva,7128,5.0,Mercado Libre,04-03-2026
"Macetero Plástico 60x56,5cm Negro Bighouse",33990,sin nota,Mercado Libre,04-03-2026
Macetero De Plastico Mediano Terraza Jardin Decoracion Hogar,19980,sin nota,Mercado Libre,04-03-2026
"Minibanco De Resina Para Muebles De Jardín, 3 Unidades",5585,sin nota,Mercado Libre,04-03-2026
Macetero Redondo 74x63cm Cema New Acean,71388,sin nota,Mercado Libre,04-03-2026
Jardineras Macetero De Madera Rectangular Nacional Industrial,19980,4.7,Mercado Libre,04-03-2026
3 Pzs Muebles Miniatura Jardín Adorno Banco Resina,4368,sin nota,Mercado Libre,04-03-2026
2 Maceteros Barril Simulación Madera 4l C/ Agujero 22.8×17cm,13800,4.8,Mercado Libre,04-03-2026
Macetero Para Plantas Hogar Y Jardin 17x13 Cm Set X2 Marrón,11990,sin nota,Mercado Libre,04-03-2026
Macetero Diseño Para El Hogar Y Jardin Blanco,19990,sin nota,Mercado Libre,04-03-2026
Macetero 12x12x10cm Terracota Life Art,7723,sin nota,Mercado Libre,04-03-2026
Macetero Huerto Apilable Colgable Muralla Colores 32 Cm,7990,+25 vendidos,Mercado Libre,04-03-2026
Set De Macetas De Pared Biodegradables Deco Hogar Oficina Negro,17000,sin nota,Mercado Libre,04-03-2026
Jardineras Macetero De Madera Cuadrada Diseño Industrial,16919,+50 vendidos,Mercado Libre,04-03-2026
Macetero 38cm Cónico De Plástico Kd9951w,9900,4.9,Mercado Libre,04-03-2026
Inicio Organización Cubo De Chapa De Hierro Galvanizado,3244,sin nota,Mercado Libre,04-03-2026
Jardinera Exterior De Barandilla Para Balcón 50x20x12 Cm YIBAINI,14990,4.7,Mercado Libre,04-03-2026
"Mesa Plegable Maleta 180cm Negro Arma Fácil, Camping, Oferta Negro Blanco",36990,4.6,Mercado Libre,04-03-2026
Porta Macetero Pedestal Maceta Plantas Negro Dorado Negro,19900,4.8,Mercado Libre,04-03-2026
Macetero 46cm Grafiato Cónico Kd9952,13900,4.9,Mercado Libre,04-03-2026
Macetero 60cm Grafiato Cónico Kd9953w,27506,4.9,Mercado Libre,04-03-2026
Jardinera Exterior De Barandilla Para Balcón 50x20x12 Cm YIBAINI,14990,4.7,Mercado Libre,04-03-2026
Nuevo Set De Macetas Pared Deco Hogar Oficina Biodegradables,22000,sin nota,Mercado Libre,04-03-2026
Jardinera Maceta 60 Cm Con Plato Grande,7980,4.8,Mercado Libre,04-03-2026
Maceteros De Greda 15x15. Pack 3 Unid. Jardín Del Carmen. Color Terracota,19980,5.0,Mercado Libre,04-03-2026
Huerto Vertical De Cultivo De Madera Café,57990,sin nota,Mercado Libre,04-03-2026
"Macetero Irrompible De Buen Gusto, Sala De Estudio, Hogar, B",3032,sin nota,Mercado Libre,04-03-2026
Macetero Tejido Con Patas 45x29x45 Cm Genérico Blanco Con Negro Liso,18990,5.0,Mercado Libre,04-03-2026
Macetero 60cm Grafiato Cónico Kd9953w,27506,4.9,Mercado Libre,04-03-2026
Jardinera Gage Grundens Amarilla,42830,sin nota,Mercado Libre,04-03-2026
Macetero 38cm Grafiato Cónico Kd9951 Negro,8500,4.9,Mercado Libre,04-03-2026
Jardineras Macetero de Madera Rectangular Grande con Borde de Madera,39990,4.8,Mercado Libre,04-03-2026
2 Maceteros Barril Simulación Madera 4l C/ Agujero 22.8×17cm,13800,4.8,Mercado Libre,04-03-2026
Jardineras Macetero De Madera Rectangular Grande,39990,4.9,Mercado Libre,04-03-2026
"Mueble Para Plantas De Fierro Interior/exterior 1,60mtsx50cm Negro Estante",270000,sin nota,Mercado Libre,04-03-2026
"Macetas De Plástico Para Exteriores, Maceta, Muebles Para El",2764,sin nota,Mercado Libre,04-03-2026
Pack 6 Jardineras Balconeras 3 Colores Variedad Verde Musgo 3colores,14900,5.0,Mercado Libre,04-03-2026
Macetero De Plastico Para Terraza Jardin Decoracion - Hogar,19980,sin nota,Mercado Libre,04-03-2026
"Maceta Con Forma De Búho Para Decoración Del Hogar, Divertid",11520,sin nota,Mercado Libre,04-03-2026
"Macetas Colgantes Octogonales Para Plantas, 15 Unidades, 9.5",6940,sin nota,Mercado Libre,04-03-2026
Macetero Cuadrado 58cm De Plástico Kd9942 Negro,25983,4.8,Mercado Libre,04-03-2026
Soporte Para 8 Macetas Estante Jardinera Huerto Plantas,19980,4.7,Mercado Libre,04-03-2026
Macetero Cuadrado 36cm De Plástico Kd9941 Negro,13900,4.9,Mercado Libre,04-03-2026
Macetero Cuadrado 58cm De Plástico Kd9942 Negro,25983,4.8,Mercado Libre,04-03-2026
Macetero 46cm Grafiato Cónico Decorativo Grande Para Interior Y Exterior Atenza®,13590,sin nota,Mercado Libre,04-03-2026
Maceta Colgante Fibra De Coco,7970,sin nota,Mercado Libre,04-03-2026
Macetero Colgante De Plástico Decoración Hogar Terraza,16990,sin nota,Mercado Libre,04-03-2026
Macetero Autorregante Set De 4 Unidades - Autorriego Blanco Blanco Autorregante,12090,4.0,Mercado Libre,04-03-2026
Macetero Metal Para Hogar Y Terraza Gris,26990,sin nota,Mercado Libre,04-03-2026
Pack 4 Jardinera Colgante Balcon 40 Cm Huerto Color Surtido Jardinera Balcon,9700,4.9,Mercado Libre,04-03-2026
"Pack De 2 Maceteros Para Suculentas, Diseño De Animalitos Mod-2 Gato",6990,sin nota,Mercado Libre,04-03-2026
Regalos Colibrí Colibrí Decoraciones Para El Hogar Decoració,5188,sin nota,Mercado Libre,04-03-2026
"Macetero De Ceramica Figuras Variadas, Pack De 2 Color Variados Gatito",5790,4.7,Mercado Libre,04-03-2026
Mesa De Cultivo Macetero Huerto Xl,89990,sin nota,Mercado Libre,04-03-2026
Maceta Tejida Hecha A Mano Para Decoración Del Hogar Y Plant,5843,sin nota,Mercado Libre,04-03-2026
Macetero Nórdico Grande Color Beige 40x40x30cm - Maceta Cuadrado Moderna Para Plantas Y Flores - Diseño Minimalista De Alta Calidad,27990,5.0,Mercado Libre,04-03-2026
Macetas 9x8cm Terracota 135 Maceta Calidad Matec Vivero Marrón 135pcs,10690,4.5,Mercado Libre,04-03-2026
Macetero Perro Australian Shepherd Para Jardín Y Hogar St... Australian Shepherd Dog,124999,sin nota,Mercado Libre,04-03-2026
Maceta Tejida Hecha A Mano Para Decoración Del Hogar Y Plant,4875,sin nota,Mercado Libre,04-03-2026
Maceta Jardinera N°60 Con Plato Cafe Chocolate Jardinera 60 Con Plato,7990,4.5,Mercado Libre,04-03-2026
Maceta Macetero Plastico Redondo Estilo Ratan 33x30 Cm Ratan Marca Reyplast,19980,sin nota,Mercado Libre,04-03-2026
"Macetero De Resina Muñeca, Tierno Para Hogar U Oficina",5668,sin nota,Mercado Libre,04-03-2026
Macetero 46cm Grafiato Cónico Decorativo Grande Para Interior Y Exterior Atenza®,13590,sin nota,Mercado Libre,04-03-2026
Macetero De Plastico Moderno Wakeshome Ancho 17cm Alto 30cm Color Café,14990,sin nota,Mercado Libre,04-03-2026
"Pack De 3 Macetas, Melamina De Resina, 3 Colores Surtidos. Variados",8990,sin nota,Mercado Libre,04-03-2026
Decoración En Maceta E Para Decoración Del Hogar Y La Oficin,4562,sin nota,Mercado Libre,04-03-2026
Macetero 21x23 Cm Negro Casa Viva Beige,5581,sin nota,Mercado Libre,04-03-2026
Jardineras 105 Cm Castaño / Roble / Alerce Jardinera 105,39900,4.9,Mercado Libre,04-03-2026
"De 2 Maceteros Geometricos, Plastico Resistente. Blanco-negro",6200,+25 vendidos,Mercado Libre,04-03-2026
Macetero Rústico Decoración Hogar 1 Unidad,6119,sin nota,Mercado Libre,04-03-2026
Macetero Plástico Redondo 50 Cm Grande / Maceta Negro,12990,4.8,Mercado Libre,04-03-2026
Jardinera De Madera Para Decoración Del Hogar,18304,sin nota,Mercado Libre,04-03-2026
"Macetas Para Muebles En Miniatura, Minicesta Para Flores, 20",14368,sin nota,Mercado Libre,04-03-2026
"Mini Macetero De Ceramica Circular, Pack De 6 Color Variados Liso",11990,5.0,Mercado Libre,04-03-2026
Jardineras De Madera Jardinera 55,20900,4.8,Mercado Libre,04-03-2026
Macetas Colgantes Para Suculentas Y Hierbas Del Hogar,3032,sin nota,Mercado Libre,04-03-2026
Sob Maceta Treeman Baby Groot Maceta Suculenta Bonitas Plant,6990,sin nota,Mercado Libre,04-03-2026
"Mesa Plegable Maleta 180cm Negro Arma Fácil, Camping, Oferta Negro Blanco",36990,4.6,Mercado Libre,04-03-2026
Porta Macetero Pedestal Maceta Plantas Negro Dorado Negro,19900,4.8,Mercado Libre,04-03-2026
Macetero 46cm Grafiato Cónico Kd9952,13900,4.9,Mercado Libre,04-03-2026
Macetero 60cm Grafiato Cónico Kd9953w,27506,4.9,Mercado Libre,04-03-2026
Macetas Colgantes Para Suculentas Y Hierbas Del Hogar,3032,sin nota,Mercado Libre,04-03-2026
Sob Maceta Treeman Baby Groot Maceta Suculenta Bonitas Plant,6990,sin nota,Mercado Libre,04-03-2026
"Cántaro, Tinaja De Greda 20x20. Jardín Del Carmen!! Color Terracota",9990,5.0,Mercado Libre,04-03-2026
"Soporte Para Macetas De Hierro Forjado Para El Hogar, Balcón",9115,sin nota,Mercado Libre,04-03-2026
Accesorios Para Muebles Ykc444 22*30cm,17437,sin nota,Mercado Libre,04-03-2026
"Arreglo De Regalo De Mesa En Mal Estado, Decoración Del Hoga",5161,sin nota,Mercado Libre,04-03-2026
Jardinera Decoway Color - 50 Cm,20990,4.4,Mercado Libre,04-03-2026
Macetas Para Colgar En La Pared Del Hogar Y El Jardín,4894,sin nota,Mercado Libre,04-03-2026
Jardinera Gage Grundens Amarilla,42830,sin nota,Mercado Libre,04-03-2026
Macetero 38cm Grafiato Cónico Kd9951 Negro,8500,4.9,Mercado Libre,04-03-2026
Jardineras Macetero de Madera Rectangular Grande con Borde de Madera,39990,4.8,Mercado Libre,04-03-2026
2 Maceteros Barril Simulación Madera 4l C/ Agujero 22.8×17cm,13800,4.8,Mercado Libre,04-03-2026
"Colgador De Macetas Hecho A Mano Para Decoración Del Hogar,",12460,sin nota,Mercado Libre,04-03-2026
Macetero 12x12x10cm Terracota Crema Life Art,7723,sin nota,Mercado Libre,04-03-2026
Macetero Grande Plástico Duro 50 Cm Marrón Liso,12500,4.9,Mercado Libre,04-03-2026
"Maceteros Colgantes - Balcones, Ventanas, Terrazas",3990,5.0,Mercado Libre,04-03-2026
"Maceta De Fundición Para Decoración Del Hogar,",16368,sin nota,Mercado Libre,04-03-2026
"Maceta Para Niña, Decoración Del Hogar, Para Plantas, Estilo",12239,sin nota,Mercado Libre,04-03-2026
"Soporte Para Plantas En Miniatura 1/12, Accesorios, Verde",6645,sin nota,Mercado Libre,04-03-2026
"Pack De 2 Maceteros Para Suculentas, Diseño De Animalitos Mod-1 Elefante",6990,sin nota,Mercado Libre,04-03-2026
Soporte Para 8 Macetas Estante Jardinera Huerto Plantas,19980,4.7,Mercado Libre,04-03-2026
Macetero Cuadrado 36cm De Plástico Kd9941 Negro,13900,4.9,Mercado Libre,04-03-2026
Macetero Cuadrado 58cm De Plástico Kd9942 Negro,25983,4.8,Mercado Libre,04-03-2026
Macetero 46cm Grafiato Cónico Decorativo Grande Para Interior Y Exterior Atenza®,13590,sin nota,Mercado Libre,04-03-2026
Adorno Decorativo Con Forma De Calavera Para El Hogar Y El J,7364,sin nota,Mercado Libre,04-03-2026
Macetero Redondo 74x63cm New Acean,59990,sin nota,Mercado Libre,04-03-2026
Macetero De Cerámica Diseño De Caritas Con Plato Pack De 6 Color Variado Emogie,11990,5.0,Mercado Libre,04-03-2026
"Maceta Colgante Para El Hogar, Balcón, Jardín, Decoración",5428,sin nota,Mercado Libre,04-03-2026
Maceta Para Bulbo De Tulipán Para Decoración Del Hogar Y Reg,6175,sin nota,Mercado Libre,04-03-2026
"Soporte De Planta En Miniatura A Escala 1:12, Muebles Rosa",6682,sin nota,Mercado Libre,04-03-2026
"Macetas Colgantes Para Decoración Del Hogar, Con Riego Autom",8036,sin nota,Mercado Libre,04-03-2026
"Pack De 3 Macetas Con Plantas Artificiales Colgantes, Homey Verde",14990,+25 vendidos,Mercado Libre,04-03-2026
Maceta Colgante De Plantas Herramienta De Jardinería Hogar,14479,sin nota,Mercado Libre,04-03-2026
Pack 10 Maceteros Plástico Redondo N°23 Terra Vic,15990,5.0,Mercado Libre,04-03-2026
Macetero De Madera 50 Cm Castaño / Roble / Alerce Jardinera Macetero,29900,4.7,Mercado Libre,04-03-2026
Adorno Hogar Macetero Bonsái De Cactus Moderno 18x18.5x12 Cm,79769,sin nota,Mercado Libre,04-03-2026
Macetero Jardinera Rectangular Mediana 35cm Con Plato Maceta Marrón Mediano M,6100,+25 vendidos,Mercado Libre,04-03-2026
Macetero 16x19.5 Cm Negro Casa Viva,11888,sin nota,Mercado Libre,04-03-2026
"Pergola Completa Lux. Con Asiento, Macetero, Fondo Trillage.",649000,sin nota,Mercado Libre,04-03-2026
Maceteros De Cerámica Con Variedad Diseño (por Unidad) Color Caqui Grabado,5290,sin nota,Mercado Libre,04-03-2026
Maceta Tejida Yute Con Patas Madera Decorativo Para Plantas Color Beige,9990,+50 vendidos,Mercado Libre,04-03-2026
"Macetero Plástico 45x42,8cm Negro Bighouse",40650,sin nota,Mercado Libre,04-03-2026
Macetero De Plastico Moderno Wakeshome Ancho 16cm Alto 31cm Color Café,14990,sin nota,Mercado Libre,04-03-2026
Macetero 14x15 Cm Marrón Casa Viva Marrón,5581,sin nota,Mercado Libre,04-03-2026
Macetero De Plastico Moderno Wakeshome Ancho 16cm Alto 31cm Color Blanco,14990,sin nota,Mercado Libre,04-03-2026
Pack 6 Maceteros Modelos Variados Maceta-hoemy Variados Macetapack6,9990,sin nota,Mercado Libre,04-03-2026
Lf D- 1/12 Soporte De Planta En Miniatura Muebles De Casa De,11115,sin nota,Mercado Libre,04-03-2026
"Maceta De Silicona Para Niña, Candelabro De Hormigón, Resina",5290,sin nota,Mercado Libre,04-03-2026
Maceteros De Greda (tinaja). Pack 10 Unid. Jardín Del Carmen Color Terracota,11990,4.8,Mercado Libre,04-03-2026
Jardinera De Metal Colgante Para Exterior Terraza,13723,sin nota,Mercado Libre,04-03-2026
2 Macetas Suculentas Para Decoración Del Hogar.,14387,sin nota,Mercado Libre,04-03-2026
Macetero Redondo 74x63cm Verde New Acean,71388,sin nota,Mercado Libre,04-03-2026
"[ Soportes Para Jardineras Para Barandillas, 2 Piezas, *",12543,sin nota,Mercado Libre,04-03-2026
"Macetero De Ceramica Figuras Variadas, Pack De 2 Color Variados Conejo",5790,sin nota,Mercado Libre,04-03-2026
"Jaula Para Cultivo De Tomates, Enrejado En Maceta, Doble Cap",6599,sin nota,Mercado Libre,04-03-2026
"Macetero Metalizado, Pack 2 Color Variados Mod 61",4590,sin nota,Mercado Libre,04-03-2026
"Mesa Plegable Maleta 180cm Negro Arma Fácil, Camping, Oferta Negro Blanco",36990,4.6,Mercado Libre,04-03-2026
Porta Macetero Pedestal Maceta Plantas Negro Dorado Negro,19900,4.8,Mercado Libre,04-03-2026
Jardinera Gage Grundens Amarilla,42830,sin nota,Mercado Libre,04-03-2026
Jardineras Macetero de Madera Rectangular Grande con Borde de Madera,39990,4.8,Mercado Libre,04-03-2026
"Jaula Para Cultivo De Tomates, Enrejado En Maceta, Doble Cap",6599,sin nota,Mercado Libre,04-03-2026
"Macetero Metalizado, Pack 2 Color Variados Mod 61",4590,sin nota,Mercado Libre,04-03-2026
"Soporte De Planta En Miniatura A Escala 1:12, Muebles Verde",5106,sin nota,Mercado Libre,04-03-2026
Bandeja Para Macetas Para Plantas Tapete Para Macetas Para S,9013,sin nota,Mercado Libre,04-03-2026
Maceta De Resina Abstracta For Decoración Del Hogar,11843,sin nota,Mercado Libre,04-03-2026
"Figura Colgante Para Colgar En Maceta, Hada, Jardín, Nutria",8525,sin nota,Mercado Libre,04-03-2026
"Macetero Plástico 22x20,5cm Negro Bighouse",5990,sin nota,Mercado Libre,04-03-2026
G Isla De Pascua Estatua Maceta Maceta Suculenta Para El .,34553,sin nota,Mercado Libre,04-03-2026
Soporte Para 8 Macetas Estante Jardinera Huerto Plantas,19980,4.7,Mercado Libre,04-03-2026
Macetero Cuadrado 36cm De Plástico Kd9941 Negro,13900,4.9,Mercado Libre,04-03-2026
Macetero 46cm Grafiato Cónico Decorativo Grande Para Interior Y Exterior Atenza®,13590,sin nota,Mercado Libre,04-03-2026
Jardinera Decoway Color - 50 Cm,20990,4.4,Mercado Libre,04-03-2026
Bolsa Grande (60 X 30 X 20 Cm) Para Plantas Con Tapones Del,4442,sin nota,Mercado Libre,04-03-2026
Maceta Decorativa Pantalones Jeans Flores Adorno Jardín Azul Acero,7990,sin nota,Mercado Libre,04-03-2026
"Maceta Apilable, Macetas Apilables De Flores De Plástico",8838,sin nota,Mercado Libre,04-03-2026
Xjf Accesorios For Muebles Ykc444 22*30cm,10433,sin nota,Mercado Libre,04-03-2026
Macetas Con Luces Para Almácigos Y Semilleros Color Maceta De 12 Compartimentos,18477,sin nota,Mercado Libre,04-03-2026
"Bañera Colgante Para Pájaros, De 9.25 Pulgadas, Para Pájaros",6820,sin nota,Mercado Libre,04-03-2026
Macetero Esfera 37 Cm Verde Splofy,22598,sin nota,Mercado Libre,04-03-2026
Macetas Plantas Trepadora Enredadera Estante Jardinera 2pzs Negro,49985,sin nota,Mercado Libre,04-03-2026
Macetero Cuadrado De Plástico Kd9943 Negro,39000,4.8,Mercado Libre,04-03-2026
Maceta Jardinera N°60 Con Plato Cafe Chocolate Jardinera 60 Con Plato,7990,4.5,Mercado Libre,04-03-2026
2 Gancho De Pared Para Plantas Y Luces Colgantes En Macetas,19587,4.9,Mercado Libre,04-03-2026
Maceta Blanda De 15x15cm Maceta Fácil De Plántulas 100pcs Terracota,16508,4.7,Mercado Libre,04-03-2026
"Macetero Yotoworth Con Enrejado, Camas Elevadas Para Jardín",213981,sin nota,Mercado Libre,04-03-2026
Pack 4 Modelos Baby Groot Maceta Lapicero Regalo Con Orificio,24990,sin nota,Mercado Libre,04-03-2026
Macetas Bonsai Cubeta Cama De Sedum Conejo Artificial Gris,8387,sin nota,Mercado Libre,04-03-2026
Oriental - Soporte De Exhibición De Muebles De Madera ...,70819,sin nota,Mercado Libre,04-03-2026
"Maceta De Cerámica, Macetas Decorativas, Decoración Del Hoga",6829,sin nota,Mercado Libre,04-03-2026
Macetero Flotante Para 30 Centímetros Con Punta Gris Oscuro,9244,sin nota,Mercado Libre,04-03-2026
Pack 10 Maceteros Plástico Redondo 21cm 21vic,14490,4.8,Mercado Libre,04-03-2026
Macetero / Balconera De Madera Con Ganchos 1 Metro Roble Marrón,32990,sin nota,Mercado Libre,04-03-2026
Decoración De Jardín De Tortugas Decoración Al Aire Libre De,5520,sin nota,Mercado Libre,04-03-2026
Macetero Plateau Cattle Para Decoración De Jardín,6193,sin nota,Mercado Libre,04-03-2026
"Macetero Elevado De Tela Para Jardín, 4 Cuadrículas Dividida",5152,sin nota,Mercado Libre,04-03-2026
Tierra De Hoja 20 Litros (10 Kg Neto),4500,4.6,Mercado Libre,04-03-2026
"Pack 2, Macetero De Ceramica Modelos Variados Color Blanco Gatitos",5290,sin nota,Mercado Libre,04-03-2026
"Macetero Colgante De Macramé Para Jardín, Cesto De Almacenam",3797,sin nota,Mercado Libre,04-03-2026
"Macetero Plástico 45x42,8cm Gris Envejecido Bighouse",34784,sin nota,Mercado Libre,04-03-2026
Macetero De Exterior Para Jardín Colgar Macetas Al Aire Libr,6000,sin nota,Mercado Libre,04-03-2026
"Maceta Plateau Cattle Para Decoración Del Hogar Y El Jardín,",8700,sin nota,Mercado Libre,04-03-2026
"Macetero De Madera, Caja Para Ventana, Balcón, Jardín Azul",7419,sin nota,Mercado Libre,04-03-2026
"Maceta De Madera Para El Hogar, Oficina, Escritorio, 3 Flore",10092,sin nota,Mercado Libre,04-03-2026
Jardín Cama Elevada Jardinera Al Aire Libre Maceta 6pcs,32737,sin nota,Mercado Libre,04-03-2026
"Macetero Plástico 60x56,5cm Gris Envejecido Bighouse",33990,sin nota,Mercado Libre,04-03-2026
"Macetero De Cubo Plano Vintage, Decoración De Pequeño",7198,sin nota,Mercado Libre,04-03-2026
Macetero / Balconera De Madera Con Ganchos 60cm Negro Negro,22990,sin nota,Mercado Libre,04-03-2026
5 Maceteros De Madera Con Forma De Barril Y Asas Para,122571,sin nota,Mercado Libre,04-03-2026
Maceta Con Forma De Figura De Niña Para Decoración Del Hogar,4801,sin nota,Mercado Libre,04-03-2026
Set 4 Miniaturas Casitas Jardín Decoración Hogar Maceteros,8990,sin nota,Mercado Libre,04-03-2026
"Macetero Colgante De 8.0 In, Cestas Rústicas Para Colgar",12110,sin nota,Mercado Libre,04-03-2026
"Pack 2, Macetero De Ceramica Modelos Variados Color Blanco Arcoirir",5290,sin nota,Mercado Libre,04-03-2026
"Macetero Rectangular Para Flores, Con Bandeja Para Gris",6202,sin nota,Mercado Libre,04-03-2026
"Maceta De Hierro Retro, Soporte Para Plantas Del Hogar, 1 Pi",5419,sin nota,Mercado Libre,04-03-2026
Miniaturas Novios Decoración Jardín Hogar Maceteros,8990,sin nota,Mercado Libre,04-03-2026
"Maceta De Regalo Con Forma De Cuenco Para Jardín, 30 Cm, Col",17511,sin nota,Mercado Libre,04-03-2026
"Mesa Plegable Maleta 180cm Negro Arma Fácil, Camping, Oferta Negro Blanco",36990,4.6,Mercado Libre,04-03-2026
Porta Macetero Pedestal Maceta Plantas Negro Dorado Negro,19900,4.8,Mercado Libre,04-03-2026
Jardineras Macetero de Madera Rectangular Grande con Borde de Madera,39990,4.8,Mercado Libre,04-03-2026
Soporte Para 8 Macetas Estante Jardinera Huerto Plantas,19980,4.7,Mercado Libre,04-03-2026
"Maceta De Regalo Con Forma De Cuenco Para Jardín, 30 Cm, Col",17511,sin nota,Mercado Libre,04-03-2026
Macetero Redondo Mediano 33cm Boca Exterior Plastico Duro Marrón Mediano M,6200,5.0,Mercado Libre,04-03-2026
"Macetero De Cubo Plano Vintage, Decoración De Grande",9557,sin nota,Mercado Libre,04-03-2026
"Arreglo Floral Creativo Retro Para El Hogar En Maceta, 3 Pie",6755,sin nota,Mercado Libre,04-03-2026
"Macetero Plástico 24,5x29,5cm Gris Envejecido Bighouse",5990,sin nota,Mercado Libre,04-03-2026
"Macetero Decorativo Para Jardín, Arte Floral, Almacenamiento",14396,sin nota,Mercado Libre,04-03-2026
"Maceta De Cerámica Para Bonsái, Maceta Para Hogar, Adorno Pa",10589,sin nota,Mercado Libre,04-03-2026
Exquisita Maceta De Pie Aigrette Para Decoración De Jardín,40847,sin nota,Mercado Libre,04-03-2026
Macetero Cuadrado 36cm De Plástico Kd9941 Negro,13900,4.9,Mercado Libre,04-03-2026
Macetero Cuadrado De Plástico Kd9943 Negro,39000,4.8,Mercado Libre,04-03-2026
2 Gancho De Pared Para Plantas Y Luces Colgantes En Macetas,19587,4.9,Mercado Libre,04-03-2026
Maceta Blanda De 15x15cm Maceta Fácil De Plántulas 100pcs Terracota,16508,4.7,Mercado Libre,04-03-2026
Porta Macetero Pedestal Maceta Plantas Negro Dorado Negro,19900,4.8,Mercado Libre,04-03-2026
Macetero / Balconera De Madera Con Ganchos 40cm Negro Negro,17990,sin nota,Mercado Libre,04-03-2026
Maceta Decorativa De Jardín Canino Para Espacios Exteriores,12571,sin nota,Mercado Libre,04-03-2026
Mini Maceta Con Forma De Casa De Árbol Para Plantas Suculent,13788,sin nota,Mercado Libre,04-03-2026
Macetero Redondo Dorado 27x37x16cm Bighouse,15458,sin nota,Mercado Libre,04-03-2026
Colgar Macetas Macetero Colgante Para Exteriores Macetas De,7050,sin nota,Mercado Libre,04-03-2026
Macetero / Balconera De Madera Con Ganchos 80cm Roble Marrón,27990,sin nota,Mercado Libre,04-03-2026
Macetero Flotante Para Plantas Acuáticas De Estanque,10046,sin nota,Mercado Libre,04-03-2026
Jardinera Genérica 100x40x30 Cm Hormigón Rectangular,65000,4.3,Mercado Libre,04-03-2026
Jardinera Macetero De Madera Rectangular Mediana Nacional Madera Macetera Industrial,19980,5.0,Mercado Libre,04-03-2026
Tierra para maceteros Anasac 6 litros retención agua y aireación,3990,4.4,Mercado Libre,04-03-2026
Macetas Plantas Trepadora Enredadera Estante Jardinera 2pzs Negro,49985,sin nota,Mercado Libre,04-03-2026
"2 Cubos De Flores De Estilo Rústico, Decoración Del Hogar, E",4580,sin nota,Mercado Libre,04-03-2026
Set 5 Mini Casitas Jardín Decoración Hogar Maceteros,9990,sin nota,Mercado Libre,04-03-2026
Jardín Vertical Macetero Para Fresas 3 Niveles Con Ruedas Y,93428,sin nota,Mercado Libre,04-03-2026
Cubo De Flores De Hierro Para Decoración Del Hogar Con Bonsá,13981,sin nota,Mercado Libre,04-03-2026
"Carrito De Flores De Metal, Macetero Decorativo, Blanco",17511,sin nota,Mercado Libre,04-03-2026
50 Macetero Biodegradable 6x6cm Para Cultivo Con 50 Etiqueta,10999,5.0,Mercado Libre,04-03-2026
Adorno Decorativo Para El Hogar En Maceta,10838,sin nota,Mercado Libre,04-03-2026
"Macetero - Bolsa Para Cama De Jardín, Tela Los 80x30cm",7529,sin nota,Mercado Libre,04-03-2026
"Adorno Creativo De Escritorio, Macetero Para El Hogar, 2 Pie",9235,sin nota,Mercado Libre,04-03-2026
Macetero Rectangular De Madera Para Guardar Artículos Divers,3640,sin nota,Mercado Libre,04-03-2026
Decoración Para El Hogar Maceta Y Recipiente Para Plantas,4875,sin nota,Mercado Libre,04-03-2026
2 Gancho De Pared Para Plantas Y Luces Colgantes En Macetas,19587,4.9,Mercado Libre,04-03-2026
Macetero Elefante De Resina Tierno Contenedor De Plantas,6451,sin nota,Mercado Libre,04-03-2026
"Expositor De Plantas Para El Hogar, Patio, Estilo Retro, Ide",5539,sin nota,Mercado Libre,04-03-2026
Macetero / Balconera De Madera Con Ganchos 20cm Roble Marrón,14990,sin nota,Mercado Libre,04-03-2026
"Maceta De Acrílico Decorativa Para Jardín, 2 Unidades, Con T",4921,sin nota,Mercado Libre,04-03-2026
Maceta De Escritorio Creative Ceramic Unique Clostaburete,7769,sin nota,Mercado Libre,04-03-2026
"Macetero - Bolsa Para Cama De Jardín, Tela Los 70x30cm",15751,sin nota,Mercado Libre,04-03-2026
"Colgador De Plantas De Macramé Para El Hogar, Tapiz Tejido",6857,sin nota,Mercado Libre,04-03-2026
"5 Juegos De Macetas De Cerámica Roja Para El Hogar, Sencilla",56165,sin nota,Mercado Libre,04-03-2026
"Macetero Rectangular De Madera, Regalo 50 Cm X 14 Cm X 8 Cm",31271,sin nota,Mercado Libre,04-03-2026
"Adorno De Pared Con Flores Para El Hogar, Pared Floral Rústi",11926,sin nota,Mercado Libre,04-03-2026
"Maceta Base Of Metal Soportes For Maceteros Herrería, 1 Unid",19788,sin nota,Mercado Libre,04-03-2026
"2 Hogar Pared Colgante Planta Oro Rosa Oro Rosa Los 2x10,8cm",6875,sin nota,Mercado Libre,04-03-2026
= % Maceta De Cabeza Grande Macetero De Interior Lady Head _,7106,sin nota,Mercado Libre,04-03-2026
Macetero Cuadrado De Cerámica Para Decoración Del Hogar,37843,sin nota,Mercado Libre,04-03-2026
"Soporte Ajustable Para Plantas De Mediados De Siglo,",17447,sin nota,Mercado Libre,04-03-2026
"- Macetero Grande Con Ruedas For , Base Redonda Con M",5870,sin nota,Mercado Libre,04-03-2026
"Maceta Para Plantar Orquídeas, Para Vivero, Hogar, 4 Unidade",11207,sin nota,Mercado Libre,04-03-2026
Jardinera Rectangular De Madera Para Plantas 40cmx14cmx8cm,17834,sin nota,Mercado Libre,04-03-2026
"Macetas De Jardín, 70 Unidades, Decoración Del Del Ho",8129,sin nota,Mercado Libre,04-03-2026
Porta Macetero Pedestal Maceta Plantas Blanco Dorado Dorado,19900,4.9,Mercado Libre,04-03-2026
"Mesa Plegable Maleta 180cm Negro Arma Fácil, Camping, Oferta Negro Blanco",36990,4.6,Mercado Libre,04-03-2026
Macetero Cuadrado 36cm De Plástico Kd9941 Negro,13900,4.9,Mercado Libre,04-03-2026
Macetero Cuadrado De Plástico Kd9943 Negro,39000,4.8,Mercado Libre,04-03-2026
Maceta Blanda De 15x15cm Maceta Fácil De Plántulas 100pcs Terracota,16508,4.7,Mercado Libre,04-03-2026
"Macetero De Madera Creative Para Macetas, 40 Cm X 14 Cm X 8",18276,sin nota,Mercado Libre,04-03-2026
"2 Macetas De Resina Para S, Decoración Para Hogar, Macetas",10156,sin nota,Mercado Libre,04-03-2026
3x Maceteros Tillandsia Estantes Mesa Para Plantas De Aire,6230,sin nota,Mercado Libre,04-03-2026
"Maceta Para Plantas De Balcón, Decoración Del Hogar, Con Flo",8423,sin nota,Mercado Libre,04-03-2026
Soporte Para 8 Macetas Estante Jardinera Huerto Plantas,19980,4.7,Mercado Libre,04-03-2026
Macetero Colgante Tejido - Grande Y Portátil,3870,sin nota,Mercado Libre,04-03-2026
"L Moldes De Silicona Para Macetas, 4 Unidades, Molde Silico",3474,sin nota,Mercado Libre,04-03-2026
"Maceta De Hierro Con Asa Para El Hogar, Con Soporte Para Flo",52958,sin nota,Mercado Libre,04-03-2026
Jardinera Genérica 100x40x30 Cm Hormigón Rectangular,65000,4.3,Mercado Libre,04-03-2026
Jardinera Macetero De Madera Rectangular Mediana Nacional Madera Macetera Industrial,19980,5.0,Mercado Libre,04-03-2026
"Decoración Hogar, Diseño De De Cerámica Jardín, Dec...",65687,sin nota,Mercado Libre,04-03-2026
2x Soporte De Planta De Metal Soporte De Maceta De Hierro,17520,sin nota,Mercado Libre,04-03-2026
"Modelo Europeo De Maceta, Modelo De Hormigón, Suministro",31428,sin nota,Mercado Libre,04-03-2026
"Estante Para Macetas Para El Hogar, Estante De Exhibición",18221,sin nota,Mercado Libre,04-03-2026
"Molde De Silicona Para Macetas Fox Concrete, Suculento, Para",4645,sin nota,Mercado Libre,04-03-2026
Bolsa De Almacenamiento En El Hogar L Negro,8811,sin nota,Mercado Libre,04-03-2026
Bolsa De Almacenamiento En El Hogar S Negro,4912,sin nota,Mercado Libre,04-03-2026
Maceta Colgante Montable Pared Interior/exterior Hogar,3087,sin nota,Mercado Libre,04-03-2026
Juego 4 Macetero Plástico Autorriego 14 Cm Para Uso Interior Blanco Moderno Para Plantas,12090,sin nota,Mercado Libre,04-03-2026
Paquete De 100 Macetas Flexibles Con Agujeros De Drenaje,16505,4.8,Mercado Libre,04-03-2026
Bolsa De Almacenamiento En El Hogar L Gris,6497,sin nota,Mercado Libre,04-03-2026
60 Maceteros De Plántulas Para Jardín,3972,sin nota,Mercado Libre,04-03-2026
Tierra para maceteros Anasac 6 litros retención agua y aireación,3990,4.4,Mercado Libre,04-03-2026
"Macetero Cuadrado Sonriente Decoración Del Hogar, Jard...",66714,sin nota,Mercado Libre,04-03-2026
Nuevo Diseño Único De Maceta For Jardín Kjhg,27649,sin nota,Mercado Libre,04-03-2026
M Soporte For Plantas Soporte En Maceta Soporte For .,9474,sin nota,Mercado Libre,04-03-2026
Maceta Tejida De Madera Con Patas Erguidas Para El Hogar,64792,sin nota,Mercado Libre,04-03-2026
Maceta De Cerámica Con Bombilla For Decoración Del Hogar Y,19382,sin nota,Mercado Libre,04-03-2026
M Soporte For Plantas Con Forma De Bola De Discoteca De N,10258,sin nota,Mercado Libre,04-03-2026
"Maceta De Caqui Para Decoración Del Hogar, Estatua De Medio",10884,sin nota,Mercado Libre,04-03-2026
Estante Para Plantas De Madera Soporte Decorativo Multiuso Color Negro Yibaini,22790,4.8,Mercado Libre,04-03-2026
"Soporte Para , Soporte Para Macetas, Decoración Del Hogar, .",9447,sin nota,Mercado Libre,04-03-2026
"Maceta Para Orquídeas Fayoula, Cerámica, 14 Cm, Con Orificio",52599,sin nota,Mercado Libre,04-03-2026
"Mini Maceta Jardín, Decoración Del Hogar, Hierro",149850,sin nota,Mercado Libre,04-03-2026
Maceta Giratoria De Cerámica Montada En La Pared,4755,sin nota,Mercado Libre,04-03-2026
Maceta De Cara De Niña Con Florero Divertido Hecho A Mano,4276,sin nota,Mercado Libre,04-03-2026
Jardineras Macetero de Madera Rectangular Grande con Borde de Madera,39990,4.8,Mercado Libre,04-03-2026
"Maceta De Cerámica Blanca Para Hogar, 1 Pieza, Práctico Jarr",10313,sin nota,Mercado Libre,04-03-2026
Base Para Maceta De 30cm Plástica Con Ruedas Carga 50kg,19980,sin nota,Mercado Libre,04-03-2026
"Estante Colgante Para Plantas, Patio, Hogar, Patio, Retro, B",5483,sin nota,Mercado Libre,04-03-2026
"Xh Maceta For Orquídeas, Paquete De 5 Macetas De 5 Pulgadas",8599,sin nota,Mercado Libre,04-03-2026
"2 Macetas Decoración Hogar, Decoración De Mesa Al Air...",72872,sin nota,Mercado Libre,04-03-2026
"Maceta De Cerámica Para Maceta, Hogar, Vacas, 8 X 6,5 X 7,5",5345,sin nota,Mercado Libre,04-03-2026
Colgador De Macramé Para Plantas Soporte Maceta Tejido 105cm,8737,sin nota,Mercado Libre,04-03-2026
"Tierra Para Maceteros 12,5 Kg 25l Anasac",9980,sin nota,Mercado Libre,04-03-2026
"Bolsas Gruesas Para Plantas, Vivero 200 Unidades",3668,sin nota,Mercado Libre,04-03-2026
"Macetero De Esqueleto Humano Decoración Del Hogar, Dec...",65687,sin nota,Mercado Libre,04-03-2026
Soporte De Hierro Air Plant Para Decoración Del Hogar,4009,sin nota,Mercado Libre,04-03-2026
"Maceta Europea, Decoración De Jardín, Diámetro 37 Cm",63898,sin nota,Mercado Libre,04-03-2026
Tierra Para Maceteros 6 Lt Anasac,4300,+50 vendidos,Mercado Libre,04-03-2026
"Maceta De Cerámica Con Forma De Naranja, Adorno De Grande",15133,sin nota,Mercado Libre,04-03-2026
"Estantería Para Plantas, Patio, Patio, Estilo Retro, Bricola",9723,sin nota,Mercado Libre,04-03-2026
