Producto,Precio,Precio envio,Tienda,Fecha,precio_clp,precio final
"100 PCS MACETAS DE VIVERO DE PLANTAS, MACETAS DE 10 CM PARA PLÁNTULAS DE PLANTAS PEQUEÑAS CON ETIQUETAS, MACETAS DE PLÁSTICO PARA FLORES DE PLANTAS CON AGUJEROS DE DRENAJE PARA INTERIOR Y",8564,"Entrega por CLP 13,177 el mié, 25 de feb",Amazon,11-02-2026,13177,21741
"T4U PAQUETE DE 5 MACETAS DE RIEGO AUTOMÁTICO (6 + 8 + 9 + 10 + 12 PULGADAS) – INDICADOR DE NIVEL DE AGUA Y DEPÓSITO PROFUNDO, MACETAS SIN DESORDEN PARA PERSONAS OCUPADAS, PRINCIPIANTES Y JARDINEROS",26868,"Entrega por CLP 26,859 el mié, 25 de feb",Amazon,11-02-2026,26859,53727
"QCQHDU MACETA DE 8 PULGADAS, PAQUETE DE 2 MACETAS PARA PLANTAS DE INTERIOR CON AGUJEROS DE DRENAJE Y PLATILLO, MACETAS PARA EXTERIORES, DECORACIÓN MODERNA PARA EL HOGAR Y EL JARDÍN",14566,"Entrega por CLP 18,706 el vie, 27 de feb",Amazon,11-02-2026,18706,33272
"MACETAS GRANDES DE RIEGO AUTOMÁTICO DE 12 PULGADAS, 10 PULGADAS, 9 PULGADAS, PAQUETE DE 3 MACETAS CON MÚLTIPLES AGUJEROS DE DRENAJE DE MALLA PARA PLANTAS Y FLORES DE JARDÍN DE INTERIORES Y",24845,"Entrega por CLP 27,348 el mié, 25 de feb",Amazon,11-02-2026,27348,52193
"-MACETAS DE RIEGO AUTOMÁTICO PARA INTERIORES CON AGUJEROS DE DRENAJE Y PLATILLOS, 8, 7, 6.5, 6, 5.5, 5 PULGADAS, COLOR NEGRO, 6 MACETAS",17129,"Entrega por CLP 18,286 el mié, 25 de feb",Amazon,11-02-2026,18286,35415
UTOPIA HOME MACETAS PARA PLANTAS DE INTERIOR CON AGUJEROS DE DRENAJE – JUEGO DE 5 MACETAS DE FLORES DE PLÁSTICO BLANCO (7/6.6/6/5.3/4.8 PULGADAS) – MACETAS MODERNAS PARA PLANTAS DE INTERIOR,11136,"Entrega por CLP 16,100 el vie, 27 de feb",Amazon,11-02-2026,16100,27236
"KANTE - MACETA REDONDA DE HORMIGÓN DESGASTADO DE 18 PULGADAS DE DIÁMETRO, MACETA GRANDE PARA INTERIORES Y EXTERIORES CON AGUJERO DE DRENAJE Y TAPÓN DE GOMA PARA PATIO Y JARDÍN DEL HOGAR, HORMIGÓN",58288,"Entrega por CLP 141,926 entre el 23 de feb - 11 de mar",Amazon,11-02-2026,141926,200214
"JUEGO DE 20 MACETAS DE VIVERO TRANSPARENTES DE 10/12,7/15,2/17,8 CM CON PLATILLOS, MACETAS DE PLÁSTICO CON AGUJEROS DE DRENAJE, PAQUETE VARIADO DE MACETAS DE JARDÍN PARA PLÁNTULAS PARA",17995,"Entrega por CLP 16,812 el mié, 25 de feb",Amazon,11-02-2026,16812,34807
"MACETAS CON AUTORRIEGO PARA INTERIOR CON ORIFICIOS DE DRENAJE Y PLATILLOS, 8, 7, 6.5, 6, 5.5, 5 PULGADAS, VERDE, 6 MACETAS.",17120,"Entrega por CLP 18,158 el mié, 25 de feb",Amazon,11-02-2026,18158,35278
"GEPEGE JUEGO DE 2 MACETAS DE CERÁMICA CON CUENTAS DE 6 PULGADAS CON ORIFICIO DE DRENAJE Y PLATILLO PARA PLANTAS, MACETA REDONDA GRANDE PARA ORQUÍDEAS SUCULENTAS PARA INTERIORES Y EXTERIORES, COLOR",21424,"Entrega por CLP 20,858 el jue, 26 de feb",Amazon,11-02-2026,20858,42282
"MELPHOE MACETAS DE INTERIOR CON DRENAJE Y PLATILLO, JUEGO DE 2 MACETAS DE 8 PULGADAS PARA PLANTAS DE INTERIOR Y EXTERIOR, MACETAS PARA JARDÍN Y HOGAR, PARA CACTUS Y SUCULENTAS, PLÁSTICO RÍGIDO",14566,"Entrega por CLP 18,012 el mié, 25 de feb",Amazon,11-02-2026,18012,32578
"MACETAS GRANDES DE 12 PULGADAS, MACETAS DE PLÁSTICO CON AGUJEROS DE DRENAJE Y PLATILLOS, MACETAS PARA PLANTAS DE INTERIOR Y EXTERIOR, MACETAS DECORATIVAS MODERNAS PARA PLANTAS DE CASA DE",19452,"Entrega por CLP 26,713 el mié, 25 de feb",Amazon,11-02-2026,26713,46165
"PAQUETE DE 4 MACETAS GRANDES DE 16 PULGADAS, MACETA DE PLÁSTICO PARA INTERIORES Y EXTERIORES CON AGUJEROS DE DRENAJE Y PLATILLO, MACETAS CON PATRÓN A CUADROS, MACETAS DE JARDÍN PARA HIERBAS",48858,"Entrega por CLP 61,177 el vie, 27 de feb",Amazon,11-02-2026,61177,110035
"PLANTA DE PLÁSTICO DE 8 PULGADAS, PAQUETE DE 4 CON AGUJEROS DE DRENAJE Y PLATILLOS, MACETAS DECORATIVAS DE ONDAS DE AGUA PARA PLANTAS DE INTERIOR Y EXTERIOR, PATIO, JARDÍN, DECORACIÓN DEL",18852,"Entrega por CLP 19,512 entre el 20 de feb - 4 de mar",Amazon,11-02-2026,19512,38364
"MACETAS DE 6 PULGADAS, PAQUETE DE 5 MACETAS PARA EXTERIORES E INTERIORES, MACETAS CON AGUJEROS DE DRENAJE Y PLATILLOS DE BANDEJA (MULTICOLOR)",13828,"Entrega por CLP 15,731 el mié, 25 de feb",Amazon,11-02-2026,15731,29559
"MACETAS DE RIEGO AUTOMÁTICO DE 8/10/12 PULGADAS PARA PLANTAS DE INTERIOR/EXTERIOR - MACETA GRANDE DE PLÁSTICO CON AGUJEROS DE DRENAJE, INDICADOR DE NIVEL DE AGUA Y RESERVORIO PROFUNDO",24853,"Entrega por CLP 25,402 el mié, 25 de feb",Amazon,11-02-2026,25402,50255
"-MACETAS DE RIEGO AUTOMÁTICO PARA INTERIORES CON AGUJEROS DE DRENAJE Y PLATILLOS, 8, 7, 6.5, 6, 5.5, 5 PULGADAS, COLOR BLANCO, 6 MACETAS",17129,"Entrega por CLP 18,072 el mié, 25 de feb",Amazon,11-02-2026,18072,35201
"MACETAS DE 12/10/8 PULGADAS CON RIEGO AUTOMÁTICO PARA PLANTAS DE INTERIOR, MACETA GRANDE DE PLÁSTICO PARA PLANTAS DE EXTERIOR, MACETA DE FLORES CON VENTANA DE NIVEL DE AGUA Y ESPACIOSO RESERVORIO",23996,"Entrega por CLP 26,765 el mié, 25 de feb",Amazon,11-02-2026,26765,50761
"MACETAS PEQUEÑAS DE PLÁSTICO DE 4 PULGADAS, MACETAS DE PLÁNTULAS, JUEGO DE 5 MACETAS DE ONDAS DE AGUA PARA PLANTAS DE INTERIOR, MACETAS CON AGUJEROS DE DRENAJE Y PLATILLOS, MACETAS DE INICIO",7707,"Entrega por CLP 11,822 el mié, 25 de feb",Amazon,11-02-2026,11822,19529
"MACETA DE 6 PULGADAS DE PHOENIX VINE CON AGUJERO DE DRENAJE Y PLATILLO, BANDEJA PROFUNDA DE RECOLECCIÓN DE AGUA, MACETA CILÍNDRICA RECTA REDONDA PARA PLANTAS, BLANCO MATE, PAQUETE DE 1, 23-B-S-1",16280,"Entrega por CLP 15,457 el jue, 26 de feb",Amazon,11-02-2026,15457,31737
CREATIVE CO-OP - MACETA GRANDE DE CERÁMICA BLANCA MATE CON RELIEVE,84864,"Entrega por CLP 61,854 el jue, 26 de feb",Amazon,11-02-2026,61854,146718
"USOCIK PAQUETE DE 4 MACETAS RETRO DE 10 PULGADAS, MACETAS VINTAGE A RAYAS CON ORIFICIO DE DRENAJE Y PLATILLO, MACETAS GRANDES DE PLÁSTICO PARA PLANTAS DE INTERIOR Y EXTERIOR, MACETAS DECORATIVAS DE",18852,"Entrega por CLP 21,064 el mié, 25 de feb",Amazon,11-02-2026,21064,39916
"KETER JUEGO DE 2 MACETAS DE RESINA MODERNAS PARA EXTERIORES DE 22 PULGADAS DE ALTO, MACETAS DE ASPECTO DE MADERA CÓNICA PARA PLANTAS AL AIRE LIBRE Y DECORACIÓN DE PORCHE DELANTERO, GRAFITO",42848,"Entrega por CLP 138,282 el vie, 27 de feb",Amazon,11-02-2026,138282,181130
"JUEGO DE 3 MACETAS DE CERÁMICA DE 6.75/5.6/4.2 PULGADAS CON AGUJEROS DE DRENAJE Y PLATILLO, MACETA PARA EXTERIORES E INTERIORES, MACETAS DECORATIVAS MODERNAS PARA PLANTAS DE CASA, JARDÍN",17137,"Entrega por CLP 18,929 el mié, 25 de feb",Amazon,11-02-2026,18929,36066
"MACETA DE CERÁMICA CON ORIFICIO DE DRENAJE Y PLATILLO, REDONDA, ESMALTADA, MODERNA, PARA SUCULENTAS, LENGUA DE SUEGRA (SANSEVIERIA), PLANTAS DE INTERIOR Y EXTERIOR, 6 PULGADAS",13828,"Entrega por CLP 16,614 el mié, 25 de feb",Amazon,11-02-2026,16614,30442
"PAQUETE DE 10 MACETAS DE 6 PULGADAS CON DRENAJE Y PLATILLOS, MACETAS DE PLÁSTICO NEGRO PARA PLANTAS DE INTERIOR Y EXTERIOR, MACETAS APILABLES PARA PLANTAS DE INTERIOR Y HIERBAS, COLOR NEGRO",14651,"Entrega por CLP 15,106 el jue, 26 de feb",Amazon,11-02-2026,15106,29757
"ORCELER MACETAS DE TERRACOTA Y ARCILLA DE 6 PULGADAS PARA PLANTAS CON PLATILLO, MACETAS MEDIANAS DE TERRACOTA CON ORIFICIO DE DRENAJE, MACETA CON BANDEJA, MACETA DE TERRACOTA PARA PLANTAS DE INTERIOR",16340,"Entrega por CLP 23,276 el mié, 25 de feb",Amazon,11-02-2026,23276,39616
"DEECOO JUEGO DE 3 MACETAS DE CERÁMICA PARA INTERIORES CON AGUJEROS DE DRENAJE, 5.7/4.7/3.5/PULGADAS, MACETAS DECORATIVAS MODERNAS PARA PLANTAS AL AIRE LIBRE, LIRIOS, CACTUS, SUCULENTAS, SERPIENTES Y",16280,"Entrega por CLP 27,065 el mié, 25 de feb",Amazon,11-02-2026,27065,43345
"MACETAS WEICHENGXING, 12/10/9/8/ PULGADAS GRANDES MACETAS DE PLÁSTICO AUTO-RIEGO PARA PLANTAS DE INTERIOR Y EXTERIOR CON AGUJEROS DE DRENAJE, DEPÓSITO PROFUNDO, MACETA DE PLANTACIÓN PARA VIVERO PARA",28282,"Entrega por CLP 27,279 el mié, 25 de feb",Amazon,11-02-2026,27279,55561
"RAOOKIF PAQUETE DE 100 MACETAS DE GUARDERÍA, MACETAS DE 4, 5 Y 6 PULGADAS PARA PLANTAS, MACETAS DE PLÁSTICO CON AGUJEROS DE DRENAJE, MACETAS DE JARDÍN PARA TRASPLANTAR, SUCULENTAS, ESQUEJES, PLÁNTULAS",8564,"Entrega por CLP 12,688 entre el 23 de feb - 2 de mar",Amazon,11-02-2026,12688,21252
"MACETAS DE CERÁMICA TOSCANA, MACETAS VINTAGE DE 6.11 PULGADAS CON ORIFICIO DE DRENAJE PARA PLANTAS DE INTERIOR, JARRÓN VERDE DE GRANJA Y MACETAS, DECORACIÓN DEL HOGAR, COCINA, JARDÍN",19709,"Entrega por CLP 15,320 el mié, 25 de feb",Amazon,11-02-2026,15320,35029
"MACETAS PARA PLANTAS DE 10/9/8/7.5/7 PULGADAS CON AUTORIEGO, JUEGO DE 5 MACETAS DE PLÁSTICO CON AGUJEROS DE DRENAJE Y PLATILLOS, MACETAS DE FLORES DE PLÁSTICO, MACETA DE VIVERO PARA PLANTAS DE",20558,"Entrega por CLP 23,096 el mié, 25 de feb",Amazon,11-02-2026,23096,43654
"MACETAS DE INTERIOR DE 6 PULGADAS CON ORIFICIO DE DRENAJE Y PLATILLO DE BANDEJA, MACETAS PARA PLANTAS Y FLORES DE JARDÍN DE INTERIORES Y EXTERIORES, MULTICOLOR, 4 PAQUETES",8564,"Entrega por CLP 14,960 el mié, 25 de feb",Amazon,11-02-2026,14960,23524
"MACETAS DE 4 PULGADAS, JUEGO DE 6 MACETAS DE INTERIOR, MACETAS CON AGUJEROS DE DRENAJE Y BANDEJAS PARA ORQUÍDEAS, VIOLETAS, SUCULENTAS, HIERBAS Y OTRAS PLANTAS, COLORIDAS",8564,"Entrega por CLP 12,045 el jue, 26 de feb",Amazon,11-02-2026,12045,20609
"MACETAS GRANDES DE RIEGO AUTOMÁTICO DE 8/9/10 PULGADAS, MACETAS DE PLÁSTICO CON ORIFICIOS DE DRENAJE DE MALLA MÚLTIPLE E INDICADOR DE NIVEL DE AGUA Y DEPÓSITO PROFUNDO PARA PLANTAS Y FLORES DE",14566,"Entrega por CLP 19,606 el jue, 26 de feb",Amazon,11-02-2026,19606,34172
"LE TAUCI MACETAS DE CERÁMICA, MACETAS CON PATAS DE 5.1 + 6.4 PULGADAS PARA PLANTAS, MACETAS MODERNAS PARA EL HOGAR Y LA OFICINA, MACETAS DE INTERIOR CON DRENAJE, ESMALTE REACTIVO BLANCO",23139,"Entrega por CLP 18,801 el mié, 25 de feb",Amazon,11-02-2026,18801,41940
"LINDAS MACETAS DE CERÁMICA PARA SUCULENTAS, MACETA CON DRENAJE Y PLATILLO ADJUNTO, JUEGO DE 5 PLANTAS NO INCLUIDAS (REDONDA)",19709,"Entrega GRATIS el mié, 25 de feb a Chile en US$49 (CLP 42,008) de artículos elegibles",Amazon,11-02-2026,42008,61717
MACETAS DE INTERIOR CON PLATILLOS Y DRENAJE - PAQUETE DE 6 MACETAS DE FLORES - MACETEROS DE PLÁSTICO PARA PLANTAS DE INTERIOR - TAMAÑOS DE 7.5/6.6/5.8/5.0/4.3/3.5 PULGADAS PARA TODOS LOS,11136,"Entrega por CLP 15,937 el mié, 25 de feb",Amazon,11-02-2026,15937,27073
"QCQHDU MACETA DE 8 PULGADAS, PAQUETE DE 2 MACETAS PARA PLANTAS DE INTERIOR CON AGUJEROS DE DRENAJE Y PLATILLO, MACETAS PARA EXTERIORES, DECORACIÓN MODERNA PARA EL HOGAR Y EL JARDÍN",14566,"Entrega por CLP 18,706 el vie, 27 de feb",Amazon,11-02-2026,18706,33272
"LE TAUCI MACETAS DE 12 PULGADAS PARA PLANTAS, MACETAS DE CERÁMICA CON AGUJEROS DE DRENAJE Y PLATILLOS, MACETA GRANDE ELEGANTE Y DURADERA, PERFECTA PARA DECORACIÓN DEL HOGAR Y LA OFICINA, COLOR BLANCO",60002,"Entrega por CLP 56,196 el jue, 26 de feb",Amazon,11-02-2026,56196,116198
"MIXC MACETAS DE VIVERO ENGROSADAS TRANSPARENTES CON BASE DE SILICONA PARA FÁCIL TRASPLANTE, 30 PAQUETES DE 4 PULGADAS, MACETA TRANSPARENTE REUTILIZABLE PARA PLÁNTULAS DE VEGETALES, ESQUEJES DE RAÍZ",19538,"Entrega GRATIS el mié, 25 de feb a Chile en US$49 (CLP 42,008) de artículos elegibles",Amazon,11-02-2026,42008,61546
"QUARUT PAQUETE DE 3 MACETAS DE 10 PULGADAS, MACETAS DE BARRIL DE WHISKY CON AGUJEROS DE DRENAJE Y PLATILLO, MACETAS DE PLÁSTICO PARA DECORACIÓN DE FLORES CON DISEÑO DE BARRIL DE VINO IMITACIÓN, PARA",22281,"Entrega por CLP 21,655 el jue, 26 de feb",Amazon,11-02-2026,21655,43936
"LE TAUCI MACETAS DE 4.1 + 5.1 + 6.5 PULGADAS, JUEGO DE 3, MACETAS DE CERÁMICA CON ORIFICIO DE DRENAJE Y PLATILLO, MACETA DE INTERIOR CON ALMOHADILLA DE MALLA DE AGUJERO, REGALOS PARA MAMÁ, ESMALTE",34283,"Entrega por CLP 24,973 el mié, 25 de feb",Amazon,11-02-2026,24973,59256
"PAQUETE DE 28 MACETAS PEQUEÑAS DE 4 PULGADAS, MACETAS DE PLÁSTICO CON AGUJEROS DE DRENAJE Y PLATILLOS PARA FLORES, PLANTAS, SUCULENTAS, MACETAS DE INICIO DE SEMILLAS, COLOR BLANCO",13837,"Entrega por CLP 14,017 el mié, 25 de feb",Amazon,11-02-2026,14017,27854
"ANYUMOCZ 60 PIEZAS DE 1 GALÓN DE MACETAS FLEXIBLES PARA VIVERO DE PLANTAS, MACETA DE PLÁNTULA DE PLÁSTICO SUAVE Y ENGROSADO CON AGUJEROS, CONTENEDOR DE PLANTAS DE FLORES PARA SUCULENTAS, ESQUEJES",13708,"Entrega por CLP 22,273 el jue, 26 de feb",Amazon,11-02-2026,22273,35981
"PAQUETE DE 5 MACETAS CON DRENAJE DE 7/6.5/6/5.5/5 PULGADAS, MACETAS DE RIEGO AUTOMÁTICO PARA PLANTAS DE INTERIOR, MACETAS PARA PLANTAS DE INTERIOR Y EXTERIOR, MACETA DE PLÁSTICO, MACETA PARA",11128,"Entrega GRATIS el mié, 25 de feb a Chile en US$49 (CLP 42,008) de artículos elegibles",Amazon,11-02-2026,42008,53136
"COSMOLIVING BY COSMOPOLITAN - MACETA DE METAL PARA INTERIORES Y EXTERIORES, MACETA GRANDE CON SOPORTE EXTRAÍBLE, JUEGO DE 2 MACETAS DE 19 PULGADAS, 22 PULGADAS DE ALTO, COLOR DORADO",52278,"Entrega por CLP 80,989 el jue, 26 de feb",Amazon,11-02-2026,80989,133267
"THE HC COMPANIES MACETAS REDONDAS TUCSON DE 20 PULGADAS CON ASPECTO DE CERÁMICA, RESINA LIGERA RESISTENTE A LOS RAYOS UV PARA INTERIORES Y EXTERIORES, 1 PAQUETE DE MACETAS PARA DECORACIÓN DE JARDÍN Y",42822,"Entrega por CLP 92,348 el vie, 27 de feb",Amazon,11-02-2026,92348,135170
"WORTH JUEGO DE MACETAS REDONDAS DE 9 GALONES DE ALTO, 2-14 PULGADAS DE DIÁMETRO X 21 PULGADAS DE ALTO, CON ACABADO DE PIEDRA, CONTENEDOR DECORATIVO PARA INTERIORES, JARDÍN, PATIO, IRROMPIBLE, BEIGE",85507,"Entrega por CLP 94,217 el vie, 27 de feb",Amazon,11-02-2026,94217,179724
CREATIVE CO-OP - MACETA GRANDE DE CERÁMICA BLANCA MATE CON RELIEVE,84864,"Entrega por CLP 61,854 el jue, 26 de feb",Amazon,11-02-2026,61854,146718
"DALZOM® 60 MACETAS DE TURBA DE 3.1 PULGADAS CON 60 ETIQUETAS PARA PLANTAS, MACETAS BIODEGRADABLES PARA PLÁNTULAS CON AGUJEROS DE DRENAJE, MACETAS DE JARDÍN PARA VIVEROS, BANDEJAS DE INICIO DE SEMILLAS",8556,"Entrega por CLP 13,425 el mié, 25 de feb",Amazon,11-02-2026,13425,21981
"AMAZON BASICS MACETA REDONDA DE CERÁMICA ACANALADA, 8 PULGADAS, COLOR BLANCO",28077,"Entrega por CLP 28,377 el jue, 26 de feb",Amazon,11-02-2026,28377,56454
"TON SIN MACETAS DE CERÁMICA DE ORO ROSA PARA FLORES, MACETAS PEQUEÑAS ESMALTADAS PARA SUCULENTAS DE 4""+5""+6"" PULGADAS CON AGUJERO DE DRENAJE, MACETAS MODERNAS DECORATIVAS DE INTERIOR JUEGO DE 3",22281,"Entrega por CLP 18,972 entre el 20 de feb - 6 de mar",Amazon,11-02-2026,18972,41253
"60 UNIDADES DE MACETAS DE VIVERO TRANSPARENTES DE 3.5/4/5/6/7 PULGADAS CON ORIFICIO DE DRENAJE, TAMAÑOS VARIADOS, MACETAS TRANSPARENTES DE PLÁSTICO PARA INICIO DE SEMILLAS, PARA PLANTAS CON",21424,"Entrega por CLP 19,538 el vie, 27 de feb",Amazon,11-02-2026,19538,40962
"MACETAS DE 10 PULGADAS PARA INTERIORES Y EXTERIORES, PAQUETE DE 4 MACETAS DE PLÁSTICO PARA PLANTAS DE INTERIOR CON AGUJEROS DE DRENAJE Y BANDEJAS, JUEGOS DE CONTENEDORES DECORATIVOS DE RESINA",19709,"Entrega por CLP 21,072 el mié, 25 de feb",Amazon,11-02-2026,21072,40781
"PAQUETE DE 30 MACETAS TRANSPARENTES PARA PLANTAS DE VIVERO, MACETA DE PLÁSTICO DE ALTA TRANSPARENCIA DE 3.5/4/5 PULGADAS CON AGUJEROS DE DRENAJE, INCLUYE 20 ETIQUETAS",8127,"Entrega por CLP 12,568 el mié, 25 de feb",Amazon,11-02-2026,12568,20695
"LE TAUCI MACETA PARA PLANTAS DE 10 PULGADAS, MACETAS DE CERÁMICA PARA PLANTAS CON ORIFICIO DE DRENAJE Y TAPÓN DE GOMA, MACETAS PARA PLANTAS DE INTERIOR PARA HOGAR JARDÍN PATIO OFICINA, MACETA",42856,"Entrega por CLP 42,625 el jue, 26 de feb",Amazon,11-02-2026,42625,85481
"LE TAUCI MACETAS DE CERÁMICA, 4.3+5.3+6.8 PULGADAS, JUEGO DE 3, MACETAS CON ORIFICIO DE DRENAJE Y PLATILLO, MACETA DE INTERIOR CON ALMOHADILLA DE MALLA DE AGUJERO, REGALOS PARA MAMÁ, COLOR BLANCO",24424,"Entrega GRATIS el mié, 25 de feb a Chile en US$49 (CLP 42,008) de artículos elegibles",Amazon,11-02-2026,42008,66432
"MACETAS, MACETAS DE CERÁMICA VINTAGE PARA PLANTAS DE INTERIOR, MACETAS DE 6.29 PULGADAS CON DRENAJE, FLORERO Y MACETAS DE LAVANDA DE CAMPO FRANCÉS, DECORACIÓN ANTIGUA DE HABITACIÓN DEL",18852,"Entrega por CLP 32,046 el mié, 25 de feb",Amazon,11-02-2026,32046,50898
"VIVOSUN 50 MACETAS DE PLÁSTICO DE 6 PULGADAS, MACETA DE INICIO DE SEMILLAS, CONTENEDOR DE PLANTAS DE FLORES PARA PLÁNTULAS, ESQUEJES, TRASPLANTES",21424,"Entrega por CLP 27,648 el mié, 25 de feb",Amazon,11-02-2026,27648,49072
"DEEP DREAM - MACETAS DE 6 PULGADAS - MACETA DE CERÁMICA CON ORIFICIO DE DRENAJE Y PLATILLO, MACETA REDONDA PARA SUCULENTAS, LENGUA DE SUEGRA Y CACTUS DE INTERIOR Y EXTERIOR, AZUL",17137,"Entrega por CLP 17,712 el mié, 25 de feb",Amazon,11-02-2026,17712,34849
CREATIVE CO-OP - MACETA GRANDE DE CERÁMICA BLANCA MATE CON RELIEVE,84864,"Entrega por CLP 61,854 el jue, 26 de feb",Amazon,11-02-2026,61854,146718
"LINZINAR SOPORTE PARA PLANTAS DE INTERIOR DE 4 NIVELES Y 5 MACETAS MÚLTIPLES SOPORTES PARA PLANTAS PARA JARDÍN, ESQUINA, BALCÓN, SALA DE ESTAR, COLOR NEGRO",17995,"Entrega por CLP 22,376 el mié, 25 de feb",Amazon,11-02-2026,22376,40371
,,,Amazon,11-02-2026,,
,,,Amazon,11-02-2026,,
