Producto;Precio;Tienda;Fecha
Macetero Mocka Mouse;7990;Kenaz;11-02-2026
Macetero Kenäz S 12x12;6990;Kenaz;11-02-2026
Macetero Retro Nativo;7990;Kenaz;11-02-2026
Macetero Industrial Negro;7990;Kenaz;11-02-2026
Macetero Clásico Blanco;6990;Kenaz;11-02-2026
Macetero Industrial Blanco;7990;Kenaz;11-02-2026
Macetero Trip;3990;Kenaz;11-02-2026
Macetero Autorregante Industrial;6990;Kenaz;11-02-2026
Macetero Cerámica Plushline;8990;Kenaz;11-02-2026
Macetero Minimal Satinado;6990;Kenaz;11-02-2026
Macetero Industrial Alargado;8990;Kenaz;11-02-2026
Macetero Cerámica Ondas Blanca;7990;Kenaz;11-02-2026
Macetero Industrial Rojo;10990;Kenaz;11-02-2026
Macetero Retro Space;;Kenaz;11-02-2026
Macetero Padar Ecoamigable 45x30 XL;22990;Kenaz;11-02-2026
Macetero Naranjo Colors;;Kenaz;11-02-2026
Macetero Kenäz Cáliz 15x13;7990;Kenaz;11-02-2026
Macetero Minimal Celeste;7990;Kenaz;11-02-2026
Macetero Cerámica Cromatica Blanca;8990;Kenaz;11-02-2026
Macetero Retro Negro;6990;Kenaz;11-02-2026
Macetero Indie;6990;Kenaz;11-02-2026
Macetero Industrial Gris;7990;Kenaz;11-02-2026
Macetero Rostro Étnico;7990;Kenaz;11-02-2026
Macetero Grecia Mostaza;8990;Kenaz;11-02-2026
Macetero Industrial Beige;7990;Kenaz;11-02-2026
Macetero Cromado;8990;Kenaz;11-02-2026
Macetero Azteca Gris;7990;Kenaz;11-02-2026
Plato/Base para maceteros;;Kenaz;11-02-2026
Macetero Azteca Arena Rosa;7990;Kenaz;11-02-2026
Macetero Industrial Verde Esmeralda;8990;Kenaz;11-02-2026
Macetero Minimal Tourmaline;7990;Kenaz;11-02-2026
Macetero Komodo XXL 65x30cm;21990;Kenaz;11-02-2026
Macetero Cerámica Minimal Light Blue;5990;Kenaz;11-02-2026
Macetero Cerámica Azteca Beige;7990;Kenaz;11-02-2026
Macetero Cerámica Fupú;9990;Kenaz;11-02-2026
Macetero Nature;4990;Kenaz;11-02-2026
Macetero Industrial Agua Marina;3990;Kenaz;11-02-2026
Macetero Retro Gris;7990;Kenaz;11-02-2026
Macetero Cerámica Olimpia;7990;Kenaz;11-02-2026
Macetero Cerámica Light Blanco;8990;Kenaz;11-02-2026
Mini Jardinera Suculentas;9990;Kenaz;11-02-2026
Macetero Lombok Blanca Fibra de Arcilla 37x31cm (TUB);42990;Kenaz;11-02-2026
Macetero Cerámica Black Ocean;7990;Kenaz;11-02-2026
Macetero Pistacho;9990;Kenaz;11-02-2026
Macetero Bali Fibra Arcilla 24x41cm (NIC);41990;Kenaz;11-02-2026
Macetero Indie Gris;6990;Kenaz;11-02-2026
Macetero Rostro Variedades;3990;Kenaz;11-02-2026
Macetero Night Club Verde Azulado;8900;Kenaz;11-02-2026
