Producto,Precio,Tienda,Fecha
,,Plantme,18-02-2026
,,Plantme,18-02-2026
,,Plantme,18-02-2026
,,Plantme,18-02-2026
,,Plantme,18-02-2026
,,Plantme,18-02-2026
,,Plantme,18-02-2026
,,Plantme,18-02-2026
Bergen 40x40 (Porta Macetero Cerámica XL),69990,Plantme,18-02-2026
Bangkok Grafito 75 (Macetero Fiberclay),149990,Plantme,18-02-2026
Madrid 40 Azul (Macetero Plástico Reciclado XL),44990,Plantme,18-02-2026
Hong Kong Verde 54 (Macetero Fiberclay),54990,Plantme,18-02-2026
Pack Tanta (3 Maceteros de Fibra de Arcilla),127478,Plantme,18-02-2026
Phuket XL 34x20 (Macetero Fibra de Arcilla),34990,Plantme,18-02-2026
Madrid 19 Grafito (Macetero Plástico Reciclado M),9990,Plantme,18-02-2026
"Madrid 26,5 Grafito (Macetero Plástico Reciclado L)",19990,Plantme,18-02-2026
Bergen 20x20 (Porta Macetero Cerámica M),26990,Plantme,18-02-2026
Phuket XXL 44x26 (Macetero Fibra de Arcilla),44990,Plantme,18-02-2026
Phuket XXXL 55x33 (Macetero Fibra de Arcilla),54990,Plantme,18-02-2026
Ko Samui L 24x24 (Macetero Fibra de Arcilla),24990,Plantme,18-02-2026
Ko Samui XL 33x33 (Macetero Fibra de Arcilla),34990,Plantme,18-02-2026
Ko Samui XXL 43x43 (Macetero Fibra de Arcilla),49990,Plantme,18-02-2026
Ko Samui XXXL 53x53 (Macetero Fibra de Arcilla),64990,Plantme,18-02-2026
Bergen 27x27 (Porta Macetero Cerámica L),39990,Plantme,18-02-2026
Pack Cairo (3 Maceteros de Fibra de Vidrio),149978,Plantme,18-02-2026
Pack Marruecos Blanco (3 Maceteros de Fibra de Arcilla),134978,Plantme,18-02-2026
Cairo 34x34 Blanco (Macetero de Fibra de Vidrio L),27492,Plantme,18-02-2026
Nórdico Negro L (Macetero de Cerámica),44990,Plantme,18-02-2026
Nórdico Negro XL (Macetero de Cerámica),79990,Plantme,18-02-2026
Cairo 40x39 Blanco (Macetero de Fibra de Vidrio XL),32492,Plantme,18-02-2026
Dinamarca 16x14 Blanco (Macetero Porcelana S),18990,Plantme,18-02-2026
Tanta 34x31 Blanco (Macetero Fibra de Arcilla L),49990,Plantme,18-02-2026
Nusa L (Canasto de Fibra Natural),16990,Plantme,18-02-2026
Hong Kong Verde 32 (Macetero Fiberclay),29990,Plantme,18-02-2026
Hong Kong Verde 42 (Macetero Fiberclay),44990,Plantme,18-02-2026
Bangkok Grafito 62 (Macetero Fiberclay),124990,Plantme,18-02-2026
"Santorini Negro (Canasto de Fibra Natural), XL",24990,Plantme,18-02-2026
"Kenia Verde (Canasto de Fibra Natural), L",14990,Plantme,18-02-2026
Murcia 27 Gris Oscuro (Macetero Colgante Plástico Reciclado),12990,Plantme,18-02-2026
Pack de Zurich Verdes (Macetero de Ceramica),14990,Plantme,18-02-2026
Pack de Zurich Blancos (Macetero de Ceramica),14990,Plantme,18-02-2026
"Santorini Negro (Canasto de Fibra Natural), L",14990,Plantme,18-02-2026
"Kenia Negro (Canasto de Fibra Natural), L",14990,Plantme,18-02-2026
"Krabi (Canasto de Fibra Natural), XL",29990,Plantme,18-02-2026
"Krabi (Canasto de Fibra Natural), L",19990,Plantme,18-02-2026
"Santorini Blanco (Canasto de Fibra Natural), L",14990,Plantme,18-02-2026
"Phuket (Canasto de Fibra Natural), XL",24990,Plantme,18-02-2026
"Phuket (Canasto de Fibra Natural), L",14990,Plantme,18-02-2026
,,Plantme,18-02-2026
,,Plantme,18-02-2026
,,Plantme,18-02-2026
,,Plantme,18-02-2026
,,Plantme,18-02-2026
,,Plantme,18-02-2026
,,Plantme,18-02-2026
,,Plantme,18-02-2026
"Mar (Canasto de Fibra Natural), L",14990,Plantme,18-02-2026
"Mar (Canasto de Fibra Natural), XL",24990,Plantme,18-02-2026
"Santorini Blanco (Canasto de Fibra Natural), XL",24990,Plantme,18-02-2026
"Simba (Canasto de Fibra Natural), XL",24990,Plantme,18-02-2026
"Kenia Negro (Canasto de Fibra Natural), XL",24990,Plantme,18-02-2026
Madrid 13 Blanco (Macetero Plástico Reciclado S),6990,Plantme,18-02-2026
Madrid 13 Azul (Macetero Plástico Reciclado S),6990,Plantme,18-02-2026
Madrid 13 Grafito (Macetero Plástico Reciclado S),6990,Plantme,18-02-2026
Madrid 19 Azul (Macetero Plástico Reciclado M),9990,Plantme,18-02-2026
Madrid 19 Blanco (Macetero Plástico Reciclado M),9990,Plantme,18-02-2026
Madrid 40 Grafito (Macetero Plástico Reciclado XL),44990,Plantme,18-02-2026
Cádiz 13 Gris (Macetero Plástico Reciclado Orquídea),6990,Plantme,18-02-2026
"Málaga 13,5 Color Piedra (Macetero Colgante Orquídea)",7990,Plantme,18-02-2026
"Kenia Verde (Canasto de Fibra Natural), XL",24990,Plantme,18-02-2026
"Simba (Canasto de Fibra Natural), L",14990,Plantme,18-02-2026
"Balú (Canasto de Fibra Natural), L",14990,Plantme,18-02-2026
"Bigotes (Canasto de Fibra Natural), L",14990,Plantme,18-02-2026
Marruecos 50x40 Gris (Macetero Fibra de Arcilla XXL),69990,Plantme,18-02-2026
Asuan 35 (Fibra de Arcilla),54990,Plantme,18-02-2026
Bali L (Canasto de Fibra Natural),14990,Plantme,18-02-2026
Dinamarca 16x14 Gris (Macetero Porcelana S),18990,Plantme,18-02-2026
Nusa XL (Canasto de Fibra Natural),26990,Plantme,18-02-2026
Luxor 31 (Fibra de Arcilla),49990,Plantme,18-02-2026
Tanta 40x35 Blanco (Macetero Fibra de Arcilla XL),59990,Plantme,18-02-2026
Pack Dinamarca Gris (Maceteros de Porcelana),80970,Plantme,18-02-2026
Bali XL (Canasto de Fibra Natural),24990,Plantme,18-02-2026
Pack Marruecos Gris (3 Maceteros de Fibra de Arcilla),134978,Plantme,18-02-2026
Pack Dinamarca Blanco (3 Maceteros de Porcelana),80970,Plantme,18-02-2026
Amalfi 22x26 (Macetero Fibra de Arcilla) L,34990,Plantme,18-02-2026
Danés M Negro (Porta Macetero de Ceramica),21990,Plantme,18-02-2026
Danés M Gris (Porta Macetero de Ceramica),21990,Plantme,18-02-2026
Danés M Blanco (Porta Macetero de Ceramica),21990,Plantme,18-02-2026
Pack Bergen (3 Porta Maceteros de Cerámica),102728,Plantme,18-02-2026
Oslo 40x40 Azul (Porta Macetero Cerámica XL),48993,Plantme,18-02-2026
Oslo 20x20 Azul (Porta Macetero Cerámica M),18893,Plantme,18-02-2026
Oslo 27x27 Azul (Porta Macetero Cerámica L),27993,Plantme,18-02-2026
Pack Oslo (3 Maceteros de Cerámica),95879,Plantme,18-02-2026
Amalfi 43x49 (Macetero Fibra de Arcilla XXL),79990,Plantme,18-02-2026
Madrid 40 Blanco (Macetero Plástico Reciclado XL),44990,Plantme,18-02-2026
"Madrid 26,5 Blanco (Macetero Plástico Reciclado L)",24990,Plantme,18-02-2026
