Producto,Marca,Precio,Tienda,Fecha
,,,Construmart,27-02-2026
,,,Construmart,27-02-2026
,,,Construmart,27-02-2026
,,,Construmart,27-02-2026
,,,Construmart,27-02-2026
Macetero Cuadrado Con Ruedas 40 cm Café,INNOVAPLAST,9990,Construmart,27-02-2026
Macetero Redondo Con Ruedas 40 cm Blanco,INNOVAPLAST,9990,Construmart,27-02-2026
Macetero Plastico Muna Grande 43 Cm Gris,POTTERY,29990,Construmart,27-02-2026
Macetero Redondo Con Ruedas 40 cm Café,INNOVAPLAST,9990,Construmart,27-02-2026
Macetero Redondo Con Ruedas 40 cm Beige,INNOVAPLAST,9990,Construmart,27-02-2026
Macetero Cuadrado Con Ruedas 40 cm Blanco,INNOVAPLAST,9990,Construmart,27-02-2026
Macetero Cerámica Patrones Beige L,PROJAÜS,9990,Construmart,27-02-2026
Macetero Plástico Redondo Durakotta 46 cm Terracota,REYPLAST,8390,Construmart,27-02-2026
Jardinera Balcón Plástica Doble Rojo,GENÉRICO,4990,Construmart,27-02-2026
Jardinera Balcón Plástica Doble Verde,GENÉRICO,4990,Construmart,27-02-2026
,,,Construmart,27-02-2026
,,,Construmart,27-02-2026
,,,Construmart,27-02-2026
,,,Construmart,27-02-2026
,,,Construmart,27-02-2026
Macetero Autorregante 23⌀ x19 cm Café,VITALY,4190,Construmart,27-02-2026
Macetero Autorregante 21⌀ x 19 cm Beige,VITALY,3160,Construmart,27-02-2026
Jardinera Balcón Plástica Doble Rojo,GENÉRICO,4990,Construmart,27-02-2026
Jardinera Balcón Plástica Doble Verde,GENÉRICO,4990,Construmart,27-02-2026
Jardinera Balcón Plástica Simple Verde,GENÉRICO,2990,Construmart,27-02-2026
Macetero Cemento Tradicional M,PROJAÜS,19990,Construmart,27-02-2026
Macetero Cerámica Blanco/Flores M,GENÉRICO,5990,Construmart,27-02-2026
Macetero Cerámica Blanco/Verde S,GENÉRICO,3990,Construmart,27-02-2026
Macetero Cerámica Patrones Gris M,PROJAÜS,7990,Construmart,27-02-2026
Macetero Cuadrado Con Ruedas 30 cm Blanco,INNOVAPLAST,6990,Construmart,27-02-2026
,,,Construmart,27-02-2026
,,,Construmart,27-02-2026
,,,Construmart,27-02-2026
,,,Construmart,27-02-2026
,,,Construmart,27-02-2026
Macetero Plástico Ratán 25 cm Café,REYPLAST,5280,Construmart,27-02-2026
Macetero Plástico Rectangular Durakotta 46 cm Terracota,REYPLAST,2990,Construmart,27-02-2026
Macetero Plástico Rectangular Durakotta 61 cm Terracota,REYPLAST,3990,Construmart,27-02-2026
Macetero Plástico Redondo Durakotta 17 cm Terracota,REYPLAST,690,Construmart,27-02-2026
Macetero Plástico Redondo Durakotta 28 cm Terracota,REYPLAST,2990,Construmart,27-02-2026
Macetero Autorregante 21⌀ x 19 cm Taupe,VITALY,3160,Construmart,27-02-2026
Macetero Autorregante 23⌀ x 21 cm Taupe,VITALY,4190,Construmart,27-02-2026
Macetero Autorregante 23⌀ x19 cm Café,VITALY,4190,Construmart,27-02-2026
Macetero Autorregante 21⌀ x 19 cm Beige,VITALY,3160,Construmart,27-02-2026
Macetero Plástico Redondo Durakotta 34 cm Terracota,REYPLAST,4990,Construmart,27-02-2026
,,,Construmart,27-02-2026
,,,Construmart,27-02-2026
,,,Construmart,27-02-2026
,,,Construmart,27-02-2026
,,,Construmart,27-02-2026
Macetero Liso 25⌀ x 21 cm Cafe,VITALY,2090,Construmart,27-02-2026
Macetero Autorregante 19⌀ x 17 cm Cafe,VITALY,2090,Construmart,27-02-2026
Jardinera Balcón Plástica Doble Marfil,GENÉRICO,4990,Construmart,27-02-2026
Macetero Balcón New Gris,INNOVAPLAST,4990,Construmart,27-02-2026
Macetero Balcón New Terracota,INNOVAPLAST,4990,Construmart,27-02-2026
Macetero Cerámica Café M,GENÉRICO,3990,Construmart,27-02-2026
Macetero Cerámica Patrones Rosado L,PROJAÜS,9990,Construmart,27-02-2026
Macetero Cerámica Patrones Rosado M,PROJAÜS,13690,Construmart,27-02-2026
Macetero Plastico Muna Grande 43 Cm Arena,POTTERY,29990,Construmart,27-02-2026
Macetero Plástico Rectangular Durakotta 46 cm Verde,REYPLAST,2990,Construmart,27-02-2026
,,,Construmart,27-02-2026
,,,Construmart,27-02-2026
,,,Construmart,27-02-2026
,,,Construmart,27-02-2026
,,,Construmart,27-02-2026
Macetero Plástico Redondo Durakotta 40 cm Verde,REYPLAST,7990,Construmart,27-02-2026
Macetero Autorregante 19⌀ x17 cm Beige,VITALY,2090,Construmart,27-02-2026
Macetero Liso 30⌀ x 26 cm Cafe,VITALY,2990,Construmart,27-02-2026
Macetero Lujo 55⌀ x 43 cm Cafe,VITALY,12690,Construmart,27-02-2026
Macetero Plástico Redondo Durakotta 40 cm Terracota,REYPLAST,6290,Construmart,27-02-2026
Jardinera Balcón Plástica Simple Marfil,GENÉRICO,3990,Construmart,27-02-2026
Jardinera Balcón Plástica Simple Rojo,GENÉRICO,2990,Construmart,27-02-2026
Jardinera Rectangular Reja 45 cm Terracota,HUMBER,8990,Construmart,27-02-2026
Macetero Cemento Tradicional L,PROJAÜS,29990,Construmart,27-02-2026
Macetero Cemento Tradicional S,PROJAÜS,13990,Construmart,27-02-2026
